total_calories,meal_title,pred_calories
309.061981,"grilled chicken, olives, bell peppers and cherry tomatoes",322.52
439.410522,"steak, couscous and asparagus",302.15
131.041962,"tofu, honeydew melons, fish, mushroom and asparagus",102.05
143.062012,pears and mandarin oranges,237.7
268.48291,"bacon, pineapple and brussels sprouts",198.93
328.277618,"pork, olive oil, broccoli and chicken breast",502.34
448.149994,"egg whites, yam, olive oil, berries and sweet potato",335.93
180.938934,"olive oil, corn on the cob and fish",367.09
815.647644,"pizza, chicken, olive oil and tofu",670.05
491.939545,"chicken breast, salmon, mayonnaise and pineapple",483.79
554.760071,"beef, roasted potatoes and pizza",498.16
91.424408,"cauliflower, eggplant, squash and olive oil",90.6
246.028381,"pepperoni pizza, olive oil and pineapple",314.67
76.889999,"fish, tomatoes and broccoli",76.91
140.562927,"olive oil, arugula, walnuts and kale",153.56
68.119995,apple,262.16
397.013336,"pizza, fish, olive oil and green beans",338.46
349.220032,"almonds, brussels sprouts and cauliflower",317.19
495.910278,pizza and chicken,612.85
129.01001,"pineapple, watermelon and berries",132.23
82.590729,"olive oil, bok choy and cauliflower",146.76
422.399261,"pork, roasted potatoes, caesar salad and sugar",391.12
129.820007,avocado and olives,265.18
333.108673,"avocado, olive oil, fish, cauliflower and white beans",307.22
431.635803,"fish, wheat berry, olive oil, carrot and white beans",284.09
581.508667,pork and pasta salad,607.14
246.650803,"chia seeds, egg whites, greek yogurt, milk and broccoli",247.09
369.660004,"tortilla, chicken and olives",369.65
645.002014,"sausage, scrambled eggs and potatoes",488.72
104.279999,caesar salad,196.68
739.968018,almonds,661.36
522.154663,"cheese pizza, chicken, beef and roasted potatoes",434.96
156.428101,"chicken, olive oil, kale and parmesan cheese",353.73
158.820007,scrambled eggs and pineapple,310.23
50.428173,"carrot, broccoli and olive oil",132.21
183.993713,"salmon, olive oil, bok choy, cauliflower and brown rice",275.82
585.302002,pepperoni and sandwiches,195.22
74.440002,"apple, cantaloupe and bell peppers",161.66
305.828583,pepperoni pizza,274.12
259.779999,"chicken, ham and corn",232.18
309.110748,"chicken apple sausage, roasted potatoes, berries, egg whites and grapes",371.84
115.100845,"olive oil, honeydew melons, green beans and pumpkin seeds",77.13
108.642006,"olive oil, broccoli, mixed greens and eggplant",105.38
208.233551,"broccoli, sweet potato, granola and vinaigrette",244.47
539.864685,"cheese pizza, beef, chicken thighs and roasted potatoes",387.55
581.253052,"chicken, olive oil, avocado and bulgur",405.27
69.12085,"olive oil, pumpkin seeds, arugula and mixed greens",116.99
176.140015,"pears, potatoes and strawberries",123.35
196.840424,"pork, white rice and olive oil",366.5
243.093658,"scrambled eggs, egg whites, chicken apple sausage and sweet potato",439.27
151.999985,"apple, grapes and cherry tomatoes",171.35
586.944702,"cheese pizza, beef, chicken thighs, roasted potatoes and caesar salad",479.58
329.716248,"chicken, olive oil and spinach (raw)",292.39
217.139999,scrambled eggs and strawberries,220.09
230.333145,"cheese pizza, olive oil and figs",284.92
269.916046,"chicken, caesar salad, olive oil, millet and green beans",233.43
256.73999,beef and white rice,365.23
69.738571,"olive oil, asparagus and spinach (raw)",150.97
432.125,"eggs, bacon and carrot",340.94
89.10878,"olive oil, cauliflower, mixed greens and millet",186.08
168.580002,scrambled eggs and cantaloupe,247.06
235.820007,"chicken apple sausage, grapes, roasted potatoes, watermelon and strawberries",235.34
291.633301,"chicken, olive oil, tofu, honeydew melons and fish",329.64
767.469849,"pizza, walnuts, grilled chicken and olive oil",472.59
320.100006,roasted potatoes and scrambled eggs,454.14
58.741066,"olive oil, asparagus, arugula and walnuts",141.47
550.009949,"chicken, tuna and olives",429.78
49.230003,"onions, broccoli, squash, cucumbers and zucchini",60.93
367.885284,"cheese pizza, beef, parmesan cheese, roasted potatoes and olives",385.03
556.563965,"scrambled eggs, chicken apple sausage, berries and yam",411.51
102.338257,"olive oil, walnuts and blue cheese",268.8
65.480003,"avocado, kale and chard",135.31
678.096008,asparagus,231.05
36.809998,olives and cherry tomatoes,104.32
404.963837,"cheese pizza, tofu and cauliflower",290.12
360.182037,"steak, roasted potatoes, olive oil and broccoli",380.61
530.596924,"salmon, beef, mayonnaise, olive oil and broccoli",458.39
31.280001,cantaloupe,114.62
520.864685,"cheese pizza, beef, chicken thighs and roasted potatoes",387.55
582.370361,"salmon, avocado, beef and quinoa",550.31
140.180008,"tortilla, ham and bell peppers",162.61
582.0,"chicken breast, cheese pizza and tuna",505.89
550.827515,"quinoa, pork, pizza and olive oil",562.89
637.806702,"salmon, avocado, beef and quinoa",550.31
197.121201,chicken and cheese pizza,329.92
116.589996,"beef, bell peppers and carrot",250.44
97.600792,"chicken, kale and parmesan cheese",263.32
475.442017,"sausage, scrambled eggs and ham",489.21
888.22998,"almonds, sausage and grapes",611.6
69.200005,"cauliflower, onions, bell peppers and cherry tomatoes",84.24
93.436127,"quinoa, pineapple and olive oil",238.26
480.779968,chicken and olives,405.55
342.388,"sausage, almonds and grapes",502.17
454.046021,grilled chicken and olives,433.02
510.05069,"pork, olive oil and quinoa",487.85
45.019997,grapes and cereal,272.24
83.449997,grapes and mandarin oranges,243.12
171.980011,"potato chips, bacon and brussels sprouts",188.55
143.540421,"pork, olive oil and brown rice",495.44
432.267029,"salmon, chicken thighs, olive oil, cheese and tortilla",635.66
74.564041,"olive oil, spinach (raw) and sun dried tomatoes",98.4
539.63855,"corn on the cob, cheese pizza, chicken, olive oil and pork",567.5
792.179993,chia seeds,341.55
158.395508,"corn on the cob, tofu and olive oil",301.5
444.01001,bacon and steak,340.73
88.620003,"orange, corn and lemon",98.14
220.200867,"beef, olive oil, walnuts and blue cheese",415.43
548.106018,"steak, chicken thighs and broccoli",475.77
184.080002,pizza and caesar salad,369.56
163.423492,"chicken apple sausage, yam, sweet potato and blackberries",249.36
212.034836,"beef, roasted potatoes and cauliflower",327.6
321.590912,"cheese pizza, white rice, mushroom, brussels sprouts and squash",157.81
333.635681,"fish, pork, country rice, olive oil and asparagus",323.36
142.579987,bacon and strawberries,166.63
173.432449,"sweet potato, olive oil and brussels sprouts",228.75
226.744873,"egg whites, sweet potato, bacon and olive oil",392.76
140.106995,cheese pizza and caesar salad,297.88
272.315186,"ground turkey, corn on the cob, fish and olive oil",430.05
716.47937,"tuna salad, fried rice and avocado",532.91
552.490051,almonds,661.36
51.919998,"berries, cantaloupe and watermelon",172.05
61.390003,"noodles, bell peppers and carrot",181.09
384.426239,"pizza, beef, olive oil and berries",574.04
244.565094,"egg whites, yam, olive oil, sweet potato and cantaloupe",332.15
191.507187,"chicken, olives, kale, parmesan cheese and kimchi",288.37
170.399994,"scrambled eggs, corn and brussels sprouts",280.41
104.299995,"olives, broccoli and cauliflower",165.86
990.400024,"salmon, brownies, beef and pasta",792.71
250.919998,cookies,442.32
31.48,mixed greens and onions,117.76
504.400024,chicken and goat cheese,486.16
175.162018,"pears, grapes and broccoli",240.98
131.804001,pizza and corn on the cob,388.96
258.382751,"chicken, white rice and olive oil",316.84
168.964127,"chicken, roasted potatoes and olive oil",419.52
145.819992,"scrambled eggs, shrimp and cantaloupe",231.95
418.152008,"pork, olive oil, broccoli and black beans",363.27
557.884033,sausage and scrambled eggs,579.69
173.87999,"banana, apple and orange",139.76
291.190002,"pepperoni pizza, roasted potatoes, caesar salad and broccoli",257.2
699.382019,"sausage, hash browns and egg whites",472.73
432.244263,"bulgur, pork, olive oil, cauliflower and chicken breast",498.62
317.785828,"cheese pizza, roasted potatoes and chicken thighs",486.07
451.546997,"beef, olive oil and roasted potatoes",441.31
260.530609,"bacon, broccoli, granola and olive oil",260.2
279.899994,chicken and cauliflower,341.66
570.884766,"scrambled eggs, bacon and green beans",324.73
484.807251,"hash browns, scrambled eggs and brussels sprouts",444.29
554.059021,"almonds, honeydew melons and brussels sprouts",247.9
138.360001,"honeydew melons, brussels sprouts and broccoli",72.41
100.570984,"olive oil, green beans, mixed greens and millet",163.85
251.781372,"lentils, steak, olive oil and chickpeas",525.54
540.89801,"sausage, bacon and almonds",437.15
366.579254,"salmon, olive oil, broccoli, brown rice and brussels sprouts",322.42
226.000137,"olive oil, bulgur, brussels sprouts, kale and parmesan cheese",172.3
254.130997,"almonds, corn on the cob and cherry tomatoes",394.25
149.125931,"olive oil, tofu, arugula and walnuts",180.42
356.387299,"fish, roasted potatoes, olive oil and quinoa",378.05
775.029236,"salmon, mayonnaise, olive oil, brussels sprouts and lentils",341.97
443.199982,"chicken, artichokes, lettuce and broccoli",215.28
290.692169,"cheese pizza, pineapple, squash, quinoa and olive oil",253.9
359.408569,pepperoni pizza and roasted potatoes,231.92
608.104553,"cheese pizza, beef, chicken, fried rice and caesar salad",468.69
126.574638,"sweet potato, olive oil and broccoli",211.6
278.261444,"couscous, fish, olive oil and corn",307.94
380.679993,"quinoa, pork and cauliflower",382.82
113.979996,"kiwi, tofu and cauliflower",149.59
50.740002,brussels sprouts,162.62
335.363983,sausage and roasted potatoes,308.39
198.320007,scrambled eggs,477.54
121.860001,"bean(seed), cauliflower and mushroom",103.26
87.440002,"tortilla, brussels sprouts and broccoli",117.35
369.359955,"cheese pizza, chicken, caesar salad, steak and pineapple",427.14
428.59549,"egg whites, sweet potato, watermelon, grapes and olive oil",377.93
604.323303,"ground turkey, corn on the cob and cheese pizza",372.28
59.959999,"pineapple, orange and lemon",69.05
40.848213,brussels sprouts and olive oil,205.81
639.911865,"salmon, chicken, olive oil and brown rice",719.82
197.377884,"olive oil, scrambled eggs, yam, pineapple and watermelon",293.09
228.659988,egg whites and watermelon,251.58
230.61496,"chicken, olive oil and arugula",327.96
314.77124,"pizza, fish, olive oil, white rice and country rice",381.47
371.862915,"bacon, sausage and pineapple",500.28
291.940002,"nuts, potato chips and cantaloupe",179.15
80.309998,"bell peppers, onions, carrot and cherry tomatoes",105.69
132.080002,"bean(seed), kiwi and lemon",111.26
157.699997,fried rice,350.28
147.410431,"tofu, fish, carrot and olive oil",259.75
640.137939,"grilled chicken, olive oil, carrot and bell peppers",361.67
66.419998,"berries, pineapple, cantaloupe and watermelon",136.57
219.813263,cheese pizza and olive oil,318.69
263.816223,"white rice, chicken thighs, olive oil and brussels sprouts",330.94
278.307007,"corn on the cob, apple, brussels sprouts and carrot",291.73
128.259995,"oatmeal, berries and lemon",150.07
220.774597,cheese pizza and chicken,494.24
172.004013,"eggs, strawberries, carrot and garden salad",194.54
220.425598,"turkey bacon, berries and olive oil",303.31
591.435242,steak and olive oil,418.99
265.507263,"salmon, tofu, brussels sprouts and brown rice",407.78
402.984802,"bacon, scrambled eggs, olive oil, yam and sweet potato",393.57
298.877594,"pork, olive oil and chicken breast",624.64
208.746002,"sausage, strawberries and broccoli",157.24
445.299988,"scrambled eggs, bagels, hash browns and cream cheese",482.0
253.049988,"beef, white rice and broccoli",233.21
374.54538,"cheese pizza, beef, parmesan cheese, roasted potatoes and olives",385.03
479.757751,"tempeh, olive oil and chickpeas",469.75
263.125488,"chicken, olive oil and brown rice",497.17
53.5,mandarin oranges and strawberries,136.15
330.456177,"cheese pizza, beef, parmesan cheese, roasted potatoes and olives",385.03
452.588013,"sausage, berries and broccoli",210.77
336.945984,"turkey bacon, roasted potatoes and honeydew melons",255.36
163.716354,"pears, garden salad and carrot",226.12
739.376465,"pork, fish, olive oil and country rice",473.69
269.530029,"scrambled eggs, potato chips and cauliflower",244.22
190.807861,egg whites and olive oil,308.07
296.926727,eggs and olive oil,255.92
308.372284,"chia seeds, sweet potato, egg whites, berries and greek yogurt",310.16
236.805176,"olive oil, fish, brussels sprouts, arugula and walnuts",167.28
390.254456,"bulgur, tofu, olive oil, carrot and broccoli",191.42
848.655762,"chicken thighs, cheese, salmon and tortilla",702.03
290.348022,pizza,524.4
481.503418,"waffles, sausage, tofu and egg whites",385.02
252.792709,"pork, broccoli and white rice",287.01
98.490021,"carrot, cauliflower and olive oil",179.34
457.578918,"pizza, olive oil, corn on the cob and fish",430.18
529.483459,"pork, white rice, corn on the cob, fish and olive oil",425.7
37.094574,"olive oil, arugula, walnuts and spinach (raw)",120.01
319.233582,"pizza, fish, olive oil and quinoa",474.99
112.660004,"scrambled eggs, pineapple, watermelon and honeydew melons",221.09
57.924408,"eggplant, squash and olive oil",106.02
492.683044,"fish, olive oil, quinoa, country rice and bulgur",314.46
401.494019,"scrambled eggs, sausage and berries",465.37
577.184631,"pork, chicken, caesar salad and sugar",422.64
728.810608,"chicken, roasted potatoes and fish",404.37
103.048294,"sweet potato, cantaloupe and olive oil",215.78
218.110001,"apple, potatoes and bell peppers",169.45
265.871002,"scrambled eggs, yam and strawberries",268.08
229.710007,pasta salad,482.09
293.797668,"egg whites, turkey bacon, yam, olive oil and sweet potato",307.25
362.641998,grilled chicken and olives,433.02
107.856659,"fish, caesar salad, olive oil, white rice and ketchup",205.16
308.891754,"cheese pizza, roasted potatoes, chicken, tofu and olive oil",418.12
403.786346,"chicken breast, white rice and broccoli",233.72
398.063995,"bacon, scrambled eggs and garden salad",338.09
94.527,grapefruit juice,225.22
435.97464,"egg whites, sweet potato, olive oil and broccoli",340.77
280.443024,"chicken, pork and olive oil",461.95
206.369995,"bacon, sweet potato and strawberries",143.17
500.114899,"scrambled eggs, bacon, olive oil and berries",454.06
342.850006,chicken,548.39
245.385895,"fish, olive oil, lentils, cauliflower and squash",288.64
607.267273,"sausage, scrambled eggs, roasted potatoes and olive oil",553.62
68.729996,"apple, cantaloupe and orange",127.71
137.569992,chicken apple sausage and roasted potatoes,314.81
48.800003,grapes and cantaloupe,180.31
499.745972,"turkey bacon, scrambled eggs and roasted potatoes",342.53
530.393372,"tuna salad, avocado and carrot",352.63
228.459991,roasted potatoes and cauliflower,213.71
357.809998,"scrambled eggs, bacon and berries",392.9
135.752014,tortilla and corn,202.74
796.922119,"vegetable oil, chicken, bacon, olive oil and flour",710.16
153.099411,"olive oil, pineapple, rice noodles and spinach (raw)",178.7
718.957397,pizza and olive oil,424.39
909.629578,"salmon, chicken, chicken salad and olive oil",684.7
48.959999,oatmeal,221.95
364.234009,"chicken breast, fish, carrot, olive oil and olives",343.02
40.02,noodles,254.89
154.358154,"wheat berry, carrot and olive oil",199.8
195.199997,chicken apple sausage,355.46
542.496338,"cheese pizza, beef, white rice and pineapple",350.49
557.87146,"beef, pizza and olive oil",560.86
129.120743,"olive oil, broccoli, spinach (raw) and sun dried tomatoes",100.88
292.040009,"hash browns, sweet potato, egg whites, berries and broccoli",351.38
544.310486,"beef, olive oil, figs and arugula",326.35
511.673645,"pork, olive oil, rice noodles and sugar",429.37
242.5,bagels,303.23
98.0,bean(seed),184.9
203.66246,"olive oil, chickpeas and arugula",249.32
114.217117,"sweet potato, egg whites and brussels sprouts",231.98
491.235168,"pork, pepperoni pizza and caesar salad",392.67
538.709778,"walnuts, grilled chicken and olive oil",404.83
798.913696,"vegetable oil, chicken, bacon and flour",688.67
135.37854,"sweet potato, chicken apple sausage and olive oil",356.51
313.761383,"chicken, olive oil, broccoli and fish",351.82
327.810303,"salmon, mayonnaise, olive oil and lentils",434.0
229.490005,"bacon, roasted potatoes, berries and watermelon",283.59
216.540009,cottage cheese and pineapple,238.36
334.130554,"steak, asparagus and wheat berry",353.22
919.097168,"pork, sugar, caesar salad and white rice",373.69
479.689514,pizza and chicken,612.85
92.339996,lentils,261.53
30.25,cauliflower,119.3
231.959991,"chicken apple sausage, egg whites, sweet potato and olive oil",394.3
234.606583,"egg whites, sweet potato, berries and olive oil",370.17
122.933998,"oatmeal, lemon and asparagus",125.5
700.530396,steak and chicken,585.41
334.800018,bagels and cream cheese,272.21
247.482193,"olive oil, roasted potatoes, green beans, arugula and pecans",151.24
300.077911,"salmon, olive oil and brown rice",462.45
360.832489,pizza and olive oil,424.39
99.278,kiwi and tofu,305.59
269.565094,"egg whites, yam, olive oil, sweet potato and pineapple",370.53
302.431702,scrambled eggs and bacon,384.66
189.292007,"pears, grapes and mandarin oranges",279.42
302.425995,"almonds, potatoes and mandarin oranges",311.46
31.990978,eggplant and olive oil,196.2
356.629974,"chicken, avocado, olives, tomatoes and broccoli",281.61
82.379997,"noodles, cauliflower and mushroom",121.55
131.250626,"olive oil, berries and pineapple",261.69
282.539978,"roasted potatoes, pineapple, egg whites and berries",258.11
156.169998,"chicken, cheese and lemon",234.32
190.950912,"roasted potatoes, kale and parmesan cheese",243.06
674.73053,"beef, olive oil and chickpeas",633.57
109.061714,"berries, pineapple, broccoli and olive oil",137.83
346.819672,"scrambled eggs, granola, brussels sprouts and vinaigrette",278.57
249.919525,"scrambled eggs, yam, olive oil and sweet potato",349.22
127.493019,"olive oil, bulgur, kale and mustard greens",77.13
203.281494,"chicken, pasta, pesto, wheat berry and caesar salad",400.34
222.152008,"pears, potatoes, mandarin oranges and strawberries",147.91
543.92334,"steak, olive oil, carrot and broccoli",344.06
751.383057,"olive oil, chicken, olives, parmesan cheese and avocado",695.67
68.944,banana with peel,242.51
48.860001,"bell peppers, carrot and cherry tomatoes",82.77
91.26532,"berries, granola, honeydew melons, cantaloupe and vinaigrette",128.17
386.199768,"salmon, olive oil, kale, parmesan cheese and brown rice",383.95
408.523132,pizza and fish,390.86
199.589996,"avocado, ham and brussels sprouts",208.79
605.871704,"cheese pizza, chicken, roasted potatoes and caesar salad",422.52
406.473999,"chicken, olives, parmesan cheese and broccoli",428.97
369.527283,"fish, roasted potatoes, olive oil and quinoa",378.05
92.058571,"olive oil, honeydew melons, asparagus and spinach (raw)",105.31
127.826668,"chicken, couscous, olive oil and carrot",312.68
465.47464,"chicken breast, pepperoni pizza and brown rice",426.31
157.99173,"tofu, honeydew melons, olive oil, fish and mushroom",222.85
358.001984,"chicken thighs, cheese, tortilla, caesar salad and olive oil",446.5
265.072388,"cheese pizza, roasted potatoes, pork and caesar salad",425.45
256.865997,sausage and egg whites,365.16
44.347641,chicken and white rice,358.53
307.868378,"white rice, salmon, beef, olive oil and pasta",625.81
58.5,berries and watermelon,177.37
430.269989,"chicken, olives, bell peppers and carrot",340.96
645.762329,"scrambled eggs, bacon, chicken apple sausage and olive oil",495.91
321.025208,"beef, cauliflower and tofu",426.69
770.448853,"steak, olive oil, walnuts and blue cheese",384.61
175.259506,"bacon, berries, sweet potato and olive oil",246.29
122.274002,"wild rice, olive oil, green beans and mixed greens",144.04
511.373352,"steak, olive oil and carrot",440.63
228.899994,"corn on the cob, apple, cherry tomatoes and cauliflower",199.5
111.319603,"couscous, turnips, broccoli and olive oil",181.81
174.425323,"succotash, berries, granola, honeydew melons and cantaloupe",116.2
300.100006,bagels and apple,389.21
372.112732,"beef, quinoa, olive oil and brown rice",405.01
41.279999,corn,192.94
330.527924,"salmon, olive oil, broccoli and brown rice",361.85
445.798035,"bread, cheese and ham",208.73
342.213593,"pork, sugar and white rice",432.23
774.291992,"olive oil, chicken, olives, parmesan cheese and black beans",584.04
380.799988,"egg whites, berries, grapes, pineapple and honeydew melons",193.62
68.545609,"berries, olive oil and bok choy",102.73
115.450005,berries and banana,233.77
388.406616,"cheese pizza, chicken, beef, roasted potatoes and olive oil",487.63
61.883999,"fish, caesar salad and eggplant",198.0
214.544357,"beef, kale, green beans, olive oil and chard",165.72
116.116005,pears,271.05
411.686035,"cottage cheese, egg whites, yam, pineapple and olive oil",301.23
61.920002,"brussels sprouts, bell peppers and mushroom",107.27
436.406616,"cheese pizza, chicken, beef, pineapple and roasted potatoes",384.98
90.271996,cod and mixed greens,136.82
296.240448,"beef, caesar salad and white rice",322.17
636.131958,"chilaquiles, roasted potatoes and turkey bacon",299.23
39.93,berries and cantaloupe,127.35
208.098145,"roasted potatoes, brussels sprouts, turnips and olive oil",210.34
170.615997,"lentils, olive oil and chickpeas",375.93
190.009995,"grapes, apple and cantaloupe",134.44
128.928864,"granola, watermelon, vinaigrette, berries and mixed greens",144.46
149.559998,"apple, noodles and cauliflower",198.05
138.336395,greek salad and olive oil,199.87
907.119995,steak and chicken,585.41
365.76358,"pizza, fish, roasted potatoes and olive oil",402.11
96.62999,"apple, carrot and cherry tomatoes",99.63
507.481995,"sausage, potato chips and berries",190.65
459.663025,"chicken, olives, parmesan cheese, avocado and broccoli",399.91
705.734741,"sausage, eggs, bacon and olive oil",476.33
166.137466,"fish, olive oil and wheat berry",320.57
187.053268,"cheese pizza, squash and olive oil",185.03
211.430008,"scrambled eggs, oatmeal and berries",264.99
474.832947,pork and olive oil,434.1
503.60022,"country rice, fish and olive oil",368.22
156.049011,"apple, cantaloupe, carrot and corn on the cob",238.51
118.031128,"chicken breast, parmesan cheese, kale and squash",297.37
84.662781,"fish, mushroom, olive oil and wheat berry",179.37
244.986359,"corn on the cob, fish, olive oil and wheat berry",375.63
118.559998,tortilla and fish,270.02
627.65625,"pizza, salmon and olive oil",474.66
603.858704,"pizza, chicken and country rice",500.61
363.658203,"scrambled eggs, berries, olive oil, yam and sweet potato",291.42
648.180298,"fried rice, chicken, olive oil and fish",484.65
271.641266,"cheese pizza, chicken thighs and olive oil",375.16
182.169998,chicken and pineapple,377.05
108.409973,"tofu, honeydew melons, fish, cherry tomatoes and country rice",184.91
786.212585,"salmon, olive oil and brown rice",462.45
74.75,olives,265.74
416.196686,"chicken thighs, olive oil, broccoli and bulgur",315.6
601.348572,"cheese pizza, chicken breast and olive oil",426.1
194.141998,yogurt and berries,133.28
661.441162,"pork, white rice, potatoes, croutons and olive oil",382.06
109.659996,"olives, bell peppers and carrot",224.8
220.253998,"corn on the cob, apple, white rice and cauliflower",255.86
144.0,avocado,363.39
528.042908,"fish, cheese pizza, cookies, olive oil and white beans",440.48
301.606934,"bacon, yam and olive oil",237.84
643.618408,"scrambled eggs, bacon, olive oil and broccoli",441.66
487.873688,"bacon, sausage and turkey bacon",484.13
552.346069,beef and olive oil,439.8
146.979996,"grapes, pineapple, strawberries and watermelon",100.94
39.600002,honeydew melons and cherry tomatoes,67.12
324.978424,"chicken thighs, olive oil and pineapple",410.28
544.311523,"cheese pizza, fried rice and olive oil",356.53
310.31958,"fried rice, olive oil and green beans",220.25
518.591736,"walnuts, grilled chicken and olive oil",404.83
417.185303,"cheese pizza, pasta, olive oil, broccoli and pesto",365.23
139.970001,roasted potatoes and caesar salad,269.21
406.821747,"beef, caesar salad and cheese pizza",301.0
179.630005,frozen yogurt,187.31
556.494568,"olive oil, fish, wheat berry, white rice and ketchup",280.74
384.175995,"bagels, cream cheese and mozzarella cheese",356.6
357.669189,"scrambled eggs, roasted potatoes, country rice and bacon",437.16
260.679993,"berries, grapes, pineapple and honeydew melons",141.66
908.60498,"chicken, vinaigrette and olives",288.6
393.700012,"beef, white rice and fish",320.73
117.318321,"brown rice, olive oil and mixed greens",186.17
280.281769,"olive oil, figs and arugula",139.43
525.419983,steak and mixed greens,252.89
213.994171,"roasted potatoes, olive oil, arugula and pecans",225.56
543.117004,"chicken, parmesan cheese, olives and bell peppers",420.03
375.127289,"fish, roasted potatoes, olive oil and quinoa",378.05
99.962006,"olive oil, broccoli and mixed greens",105.82
361.81897,"cheese pizza, carrot, kale and parmesan cheese",227.95
67.844879,"olive oil, figs and mustard greens",135.25
345.84198,grilled chicken and olives,433.02
616.474976,"chicken, feta cheese, olives and caesar dressing",393.73
273.385437,"white rice, couscous and carrot",238.98
198.970978,"pork, green beans and olive oil",268.92
469.609009,waffles and egg whites,257.33
197.301407,"chicken breast, quinoa, pineapple and olive oil",343.88
440.867065,"pepperoni pizza, chicken thighs, roasted potatoes and caesar salad",401.25
427.446991,"salmon, beef, pasta, pineapple and honeydew melons",420.79
77.75,"ham, pineapple and mixed greens",86.31
206.938995,"almonds, mandarin oranges and broccoli",289.83
341.419983,"tuna, bell peppers and onions",241.64
163.649994,"bacon, shrimp and cauliflower",154.26
101.702484,"chicken breast, olive oil and parmesan cheese",404.11
113.672775,"olive oil, berries, spinach (raw) and almonds",225.51
307.264221,beef and chicken,613.37
340.108368,"salmon, chicken, olive oil, kimchi and brown rice",568.4
345.14212,"roasted potatoes, quinoa and olive oil",310.85
349.449951,"pork, honeydew melons and olive oil",283.04
94.629997,"potatoes, broccoli and tomatoes",79.98
882.837463,"pepperoni pizza, steak and brownies",412.45
402.117035,"egg whites, sweet potato, cantaloupe and pineapple",313.39
302.820007,"scrambled eggs, oatmeal and potatoes",282.82
434.877106,"pork, squash, olive oil and mayonnaise",405.74
625.236877,"chicken, olive oil and olives",476.15
587.87616,"sausage, scrambled eggs, roasted potatoes and olive oil",553.62
190.057999,"chicken breast, squash and parmesan cheese",316.21
562.043274,beef and roasted potatoes,309.96
450.764099,"cheese pizza, beef and quinoa",455.78
504.417786,"beef, cheese pizza, olive oil, walnuts and broccoli",303.44
119.269997,chicken apple sausage and grapes,356.97
186.485947,"chicken apple sausage, yam, olive oil, raspberries and sweet potato",314.96
149.804916,"olive oil, berries and broccoli",205.38
311.986237,"pork, olive oil, fish and sugar",544.23
494.797546,"chicken, roasted potatoes, olives and vinaigrette",335.5
261.076172,"cheese pizza, beef and parmesan cheese",444.75
164.083557,"roasted potatoes, granola, berries, cantaloupe and vinaigrette",228.7
396.799988,"hash browns, scrambled eggs and pineapple",490.83
123.020004,potato chips and kiwi,141.53
521.709961,"chicken, olives and avocado",517.62
270.70752,"cheese pizza, chicken thighs and carrot",328.37
63.579998,"grapes, white rice and cherry tomatoes",110.39
137.319992,egg whites and cantaloupe,212.66
111.020004,pizza and broccoli,284.37
435.902863,"fish, cheese pizza, olive oil and white beans",314.56
232.553268,"cheese pizza, pineapple, squash and olive oil",194.1
76.48999,"white rice, tofu and lemon",158.95
443.77182,"cheese pizza, corn on the cob, pasta, pesto and caesar salad",424.96
330.152985,"eggs, yam and strawberries",196.67
686.97113,"salmon, brownies and brown rice",585.59
51.988998,corn on the cob,345.3
557.728821,"almonds, bacon and granola",540.8
196.180008,"fish, tortilla and bell peppers",209.08
386.369995,"scrambled eggs, bacon, roasted potatoes and berries",384.85
134.01001,"sweet potato, egg whites and berries",235.97
313.079987,"bacon, honeydew melons, watermelon and pineapple",240.7
190.139999,bacon and oatmeal,297.51
348.272644,"chicken thighs, cheese pizza, wheat berry and caesar salad",433.54
75.800003,"olives, bell peppers and onions",217.17
64.216751,"green beans, bok choy and olive oil",132.12
208.970001,"chicken salad, chickpeas, artichokes and olives",449.19
463.246582,cheese pizza and chicken thighs,502.17
105.23999,"apple, cauliflower and carrot",157.17
307.040009,nuts and potato chips,265.22
455.506744,"cheese pizza, tofu and olive oil",345.65
454.274597,"egg whites, scrambled eggs, sweet potato, watermelon and olive oil",414.36
638.714844,scrambled eggs and bacon,384.66
504.847656,"steak, olive oil and broccoli",407.82
124.5,"tortilla, broccoli and carrot",108.22
105.605652,"fish, fried rice, country rice, caesar salad and olive oil",277.65
517.644226,"pork, olive oil, corn on the cob, chicken and sugar",563.95
355.25,"eggs, bacon, raspberries and broccoli",272.43
198.354996,eggs and berries,171.36
403.477386,"scrambled eggs, pineapple, bacon, chia seeds and greek yogurt",345.85
70.70092,"olive oil, chickpeas and arugula",249.32
311.209167,"pizza, beef and berries",458.44
232.050003,chilaquiles,252.85
273.523987,"bacon, turkey bacon and berries",288.38
330.840851,"steak, fish, olive oil, ketchup and white rice",384.62
73.083549,"granola, berries, vinaigrette and mixed greens",149.05
247.625168,"pork, olive oil, couscous and brussels sprouts",393.88
350.788818,"ground turkey, corn on the cob, olive oil and fish",404.48
275.179993,"potato chips, nuts and corn",226.67
370.170013,"nuts, beef and bell peppers",382.58
419.681702,"scrambled eggs, roasted potatoes, berries and pineapple",379.49
282.382019,"sausage, berries and pineapple",264.15
139.558533,"bacon, sweet potato, cantaloupe and olive oil",215.44
631.706665,"ground turkey, corn on the cob and cheese pizza",372.28
284.880005,berries and oatmeal,240.76
57.066452,"olive oil, pumpkin seeds, arugula and radishes",171.79
43.5,ham,152.61
39.289997,mandarin oranges and broccoli,149.64
56.760002,cantaloupe and caesar salad,198.28
527.450012,"chicken, olives and avocado",517.62
472.280975,scrambled eggs and cheese,251.52
553.040955,"fish, olive oil, cheese pizza, cookies and white beans",413.73
117.925575,"olive oil, green beans and spinach (raw)",93.65
198.937866,"olive oil, scrambled eggs, yam, pineapple and watermelon",293.09
331.0,almonds and grapes,410.55
196.53833,"fish, olive oil, caesar salad and quinoa",307.33
354.596863,"cheese pizza, chicken, country rice and caesar salad",358.83
638.257996,sausage and bacon,459.04
346.339966,"bulgur, cauliflower, olive oil and chicken breast",410.04
287.331848,"chicken, cheese pizza, olive oil and broccoli",288.68
111.910004,"olives, onions, bell peppers, carrot and cherry tomatoes",95.24
96.480003,potato chips,179.9
348.126129,"berries, sweet potato, chia seeds, egg whites and bacon",353.9
143.991699,"corn on the cob, kale and parmesan cheese",289.7
370.671448,beef and salmon,570.68
313.741882,"roasted potatoes, olive oil, fish, green beans and eggplant",235.1
162.740005,pepperoni pizza and broccoli,214.75
322.001984,grilled chicken and olives,433.02
79.220001,"olives, onions and cherry tomatoes",122.14
183.586426,"egg whites, chia seeds, greek yogurt and milk",262.04
165.617737,"olive oil, fish, quinoa and figs",301.22
245.872986,cheese pizza and white rice,278.28
434.854675,"cheese pizza, beef and chicken thighs",595.93
465.58374,"chicken, olive oil and white rice",427.72
212.843994,"bread, ham and apple",291.83
504.709412,"salmon, avocado and beef",482.08
100.613655,"egg whites, broccoli and olive oil",242.8
624.236084,"beef, olive oil and wheat berry",474.64
144.255859,cheese pizza and vinaigrette,249.24
213.109985,"bacon, banana and potato chips",242.97
171.839996,"chicken salad, chickpeas and olives",370.48
874.46106,"chicken, beef and olive oil",521.71
349.866394,"chicken thighs, tofu and olive oil",394.33
187.416,"fish, bread and cauliflower",184.0
35.400002,watermelon,200.06
898.019653,"chicken, pizza and olive oil",425.02
609.333923,"beef, olive oil and white rice",493.01
279.317993,"parmesan cheese, olives and carrot",343.0
82.099991,"apple, tomatoes and broccoli",73.03
894.521667,"steak, caesar salad and wheat berry",315.2
367.6474,steak and olive oil,418.99
66.066925,"chicken, caesar salad and olive oil",332.7
192.519989,"scrambled eggs, strawberries and broccoli",221.79
318.821899,"fish, olive oil, wild rice and corn",337.33
65.742775,"fish, olive oil and wheat berry",320.57
339.5979,"bacon, olive oil, scrambled eggs, yam and pineapple",393.32
222.235489,"beef, kale, chayote squash and zucchini",128.83
400.337677,"olive oil, tofu, spinach (raw), pumpkin seeds and eggplant",144.71
203.221603,"olive oil, berries, chicken apple sausage and honeydew melons",314.52
64.349998,"mandarin oranges, strawberries and broccoli",112.88
506.847046,"olive oil, lentils, tofu and chickpeas",412.19
657.517517,"chicken thighs, cheese, sandwiches, tortilla and watermelon",397.63
450.666016,"scrambled eggs, sausage and egg whites",479.69
560.658997,"chicken, olives, parmesan cheese and caesar dressing",443.39
447.449249,"beef, chicken, olives, olive oil and vinaigrette",436.46
519.542847,"fish, cheese pizza, cookies, olive oil and white beans",440.48
234.576111,chicken thighs and quinoa,335.57
250.965668,"grapes, yam, pineapple, olive oil and strawberries",205.79
569.807007,"sausage, bacon, almonds, grapes and potatoes",409.47
189.799988,"cheese, bean(seed) and tortilla",238.25
561.703552,"bagels, berries, sweet potato, chia seeds and egg whites",313.95
419.769562,"pork, chicken breast, broccoli and olive oil",352.85
154.720001,oatmeal and blackberries,148.23
537.987976,"beef, pizza and olive oil",560.86
192.370255,"pizza, olive oil and bok choy",214.65
607.506165,"pizza, salmon and olive oil",474.66
277.531311,"cheese pizza, chicken thighs and olive oil",375.16
434.58316,"beef, white rice and broccoli",233.21
188.610443,pork and olive oil,434.1
98.959999,"grapes, mandarin oranges and strawberries",139.01
663.755798,"pork, roasted potatoes, pizza, caesar salad and rice noodles",411.38
209.309998,"bacon, white rice and corn",199.95
107.181221,greek salad and olive oil,199.87
509.826233,"chicken, olive oil and carrot",430.14
302.954895,quinoa and caesar salad,273.41
412.873596,"pizza, fish, roasted potatoes, parsnips and olive oil",381.46
257.255005,roast chicken,380.4
498.545258,"cheese pizza, beef, chicken and caesar salad",494.88
50.0,"berries, cantaloupe and raspberries",159.69
348.999664,"fish, olive oil and white beans",319.95
851.396545,"steak, pizza, brownies and olive oil",598.46
778.819946,"chicken, olive oil and avocado",611.73
221.304153,"chicken, roasted potatoes, eggplant, cauliflower and olive oil",295.84
120.636047,"olive oil, broccoli and bulgur",188.48
316.239502,"berries, pineapple, chicken apple sausage, egg whites and yam",289.2
318.333374,"wild rice, fish, olive oil and corn",366.4
319.779999,steak,556.54
199.347992,"grapes, almonds, cantaloupe and corn on the cob",353.74
157.119995,"white rice, apple and cantaloupe",152.74
128.312988,cheese pizza and tofu,441.41
190.920013,scrambled eggs and cantaloupe,247.06
249.067139,"roasted potatoes, olives and vinaigrette",215.12
358.710999,"almonds, cantaloupe and cherry tomatoes",237.65
153.264771,olive oil and bell peppers,223.17
490.288025,"scrambled eggs, olive oil and bacon",490.8
171.550003,potato chips and bacon,214.67
296.816895,"chicken, caesar salad and olive oil",332.7
125.389999,"berries, corn and kiwi",145.02
168.576462,"olive oil, berries, sweet potato and pineapple",240.42
321.230652,"salmon, beef, olive oil and pasta",766.01
96.261002,"corn on the cob, green beans and olive oil",247.38
387.929382,"ground turkey, fish, olive oil and wheat berry",387.77
801.822021,"sausage, hash browns, egg whites and pineapple",493.96
316.638611,cheese pizza and white rice,278.28
372.769989,"nuts, shrimp and broccoli",179.84
288.703217,"chicken thighs, quinoa, olive oil and fish",365.51
348.484161,chicken thighs and olive oil,331.73
334.527893,"salmon, olive oil, broccoli and brown rice",361.85
179.424591,"salmon, brussels sprouts, brown rice and olive oil",416.05
217.880005,tortilla and cheese,178.94
663.989319,"sausage, bacon, potatoes and berries",269.64
100.084,"berries, pineapple and asparagus",142.8
523.367859,"salmon, olive oil and brown rice",462.45
225.472412,"cheese pizza, roasted potatoes and pork",427.9
259.08316,"chicken, couscous and olive oil",346.65
499.257019,"cheese pizza, steak, chicken and caesar salad",534.2
113.066399,olive oil and chickpeas,442.57
268.459991,"bagels, sweet potato and cream cheese",268.91
103.190002,berries and pineapple,196.23
338.779999,"beef, tortilla and noodles",336.06
159.940002,"beef, potatoes and tomatoes",201.14
271.34198,"cheese pizza, white rice and squash",230.99
494.496582,"cheese pizza, chicken thighs and cauliflower",322.63
205.092285,"wheat berry, salmon, olive oil and bok choy",215.12
1324.084961,"olive oil, chicken, vinaigrette and olives",456.76
53.400002,"brussels sprouts, tomatoes and mixed greens",42.95
66.128174,"olives, carrot and olive oil",189.5
262.330139,scrambled eggs and brussels sprouts,260.24
990.989014,"olive oil, chicken, parmesan cheese, avocado and olives",571.95
203.5,beef and potatoes,359.66
214.931992,"corn on the cob, apple and cherry tomatoes",202.83
132.959991,"potatoes, grapes and broccoli",185.45
623.007507,"steak, pizza and olive oil",571.47
85.919998,"fish, potatoes and tomatoes",109.48
252.680466,beef and white rice,365.23
210.350006,"cottage cheese, pineapple, watermelon and berries",136.4
206.442001,"yam, bacon, deprecated and honeydew melons",258.48
358.947601,"scrambled eggs, berries, pineapple, sweet potato and watermelon",270.8
314.811707,"egg whites, sweet potato, berries, salsa and watermelon",372.31
40.10693,chicken and olive oil,443.85
389.068359,"salmon, chicken, tomatoes, olive oil and kimchi",442.54
172.604996,eggs,405.25
504.065033,"cheese pizza, beef and olive oil",461.95
30.210915,"kale, parmesan cheese and caesar dressing",246.48
846.367065,"chicken, roasted potatoes, quinoa and olive oil",431.48
626.508484,"scrambled eggs, bacon, olive oil and broccoli",441.66
217.380005,"cheese, fish and cantaloupe",207.36
134.779999,"noodles, fish and bell peppers",245.85
927.809998,pizza and chicken,612.85
30.3396,olive oil and mixed greens,162.09
173.680008,"oatmeal, berries and cantaloupe",140.71
157.493027,"olive oil, fish, bok choy, mushroom and wheat berry",166.25
89.85463,"fish, broccoli, olive oil, quinoa and squash",192.72
300.794281,"pork, brown rice, olive oil and sugar",449.91
115.066795,"brussels sprouts, olive oil, goat cheese and mixed greens",235.54
460.42337,"bacon, egg whites, granola, brussels sprouts and vinaigrette",284.83
560.300903,"chicken, fish, roasted potatoes, olive oil and caesar salad",413.29
574.115173,"beef, carrot and white rice",282.41
83.43,"caesar salad, tomatoes and olives",145.85
286.76001,"tuna, olives and carrot",264.01
484.329987,"nuts, white rice and tofu",411.68
73.110001,"mandarin oranges, grapes and cereal",241.64
411.264465,"ground turkey, corn on the cob, fish, kale and olive oil",349.89
223.888092,olive oil and bacon,371.02
398.703369,"steak, olive oil and figs",405.93
121.259995,roasted potatoes,284.96
402.784088,"turkey bacon, egg whites, granola and brussels sprouts",339.59
128.098618,cheese pizza,281.66
169.934235,"fish, olive oil and quinoa",375.0
226.547165,"pork, tofu and brussels sprouts",297.52
59.200001,olives and kimchi,170.12
188.860001,pizza,524.4
291.838776,"olive oil, corn on the cob, arugula and pecans",266.19
247.168854,"chicken, pork, corn on the cob and olive oil",469.87
485.570892,"chicken, fish, olive oil, caesar salad and tomatoes",276.15
164.010803,"salmon, olive oil, squash and brown rice",322.87
34.920002,bell peppers and cherry tomatoes,110.73
428.704285,pepperoni pizza and pork,414.11
119.019997,"noodles, potatoes and brussels sprouts",162.26
95.495369,"corn on the cob, olive oil and mixed greens",255.15
345.671997,"bread, scrambled eggs and oatmeal",303.81
144.716934,yam and olive oil,249.07
720.890137,"pepperoni pizza, chicken breast and cherry tomatoes",301.02
249.899155,"fish, olive oil, carrot and white beans",280.07
171.213257,"wheat berry, olive oil, broccoli, pecans and raisins",227.49
607.892395,"beef, roasted potatoes and olive oil",384.97
48.059998,banana,228.33
143.762177,"roasted potatoes, olive oil, broccoli and carrot",239.22
126.965538,tofu and olive oil,267.84
512.111267,"pepperoni pizza, pork and chicken breast",584.86
323.673248,"cheese pizza, salmon, tofu, pineapple and brussels sprouts",285.85
57.550003,"onions, broccoli, radishes, squash and cucumbers",29.77
434.658997,"chicken, olive oil and mushroom",340.99
387.798126,chicken and olive oil,443.85
613.17688,"chicken, olive oil and olives",476.15
208.141998,pears and potatoes,225.93
178.880737,"chicken apple sausage, egg whites, grapes, broccoli and olive oil",286.91
60.97168,"olive oil, chard, almonds and spinach (raw)",255.91
88.315727,"olive oil, broccoli and mixed greens",105.82
32.43,orange,124.49
104.510002,"tofu, oatmeal and kiwi",213.62
303.643036,"chicken, pork, green beans and olive oil",329.33
214.780777,"olive oil, fish, green beans, broccoli and wheat berry",194.38
291.914032,"salmon, vinaigrette, brown rice, olive oil and green beans",311.86
90.829994,"olives, tofu and broccoli",142.38
455.387939,"pepperoni pizza, pork, olive oil and pineapple",489.29
453.66507,"chicken, fried rice, olive oil, brussels sprouts and millet",282.33
196.84697,"salmon, kale, chard, olive oil and brown rice",381.53
187.076355,"sandwiches, watermelon and tatsoi",203.65
450.576294,cheese pizza and chicken thighs,502.17
189.929993,"ham, potatoes and pineapple",139.92
268.829376,"egg whites, sweet potato, sausage, cantaloupe and olive oil",364.97
712.456421,"vegetable oil, chicken, roasted potatoes, fish and brussels sprouts",585.93
236.23201,"pears, potatoes and mandarin oranges",215.19
130.919998,"berries, orange and spinach (raw)",73.42
190.584213,pepperoni pizza and pork,414.11
379.034851,scrambled eggs and granola,454.25
105.32,"tortilla, apple and mushroom",117.99
108.392403,"olive oil, green beans and mushroom",111.36
521.038635,"cheese pizza, beef, vinaigrette and quinoa",384.24
124.670006,wheat berry,227.17
427.879974,"fish, olive oil, corn, caesar salad and sour cream",280.0
245.449509,chicken thighs and couscous,349.79
282.693146,"cheese pizza, caesar salad and olive oil",251.56
258.327576,"salmon, mayonnaise, olive oil, broccoli and lentils",359.3
495.807739,"cheese pizza, beef and white rice",409.54
346.388,"sausage, broccoli and tomatoes",153.04
216.590012,"scrambled eggs, bacon and noodles",421.14
41.838322,"olive oil, mixed greens, millet and apple",243.42
247.070999,"almonds, grapes and cantaloupe",317.09
61.969997,"berries, tofu and asparagus",150.65
56.892494,olive oil and mixed greens,162.09
362.154694,"cheese pizza, olive oil and broccoli",261.88
401.729523,"quinoa, pork and brussels sprouts",352.02
603.979248,"chicken apple sausage, scrambled eggs and granola",573.28
814.930786,"cheese pizza, beef, fried rice, chicken and olive oil",566.02
271.540009,"cottage cheese, berries and pineapple",188.36
512.015808,"cheese pizza, greek salad, roasted potatoes and chicken thighs",383.65
781.958008,almonds and white rice,401.94
175.199997,"scrambled eggs, bacon and bell peppers",361.53
77.559998,"tofu, honeydew melons and cherry tomatoes",106.82
210.039993,"cheese, shrimp and banana",183.17
348.823059,"egg whites, sausage, yam, olive oil and sweet potato",362.09
734.269958,"bacon, egg whites and roasted potatoes",269.2
121.193924,"white rice, olive oil and bulgur",200.03
244.421005,scrambled eggs and yam,346.57
348.470001,"nuts, potato chips and cauliflower",200.88
128.096802,"fish, olive oil, squash and lentils",229.12
453.680054,beef and roasted potatoes,309.96
296.990997,"chicken, olive oil and millet",469.13
807.416321,"chicken, roasted potatoes, fish and caesar salad",473.54
551.702026,"chicken, parmesan cheese, olives and avocado",586.86
207.814453,"chicken, broccoli, white rice and squash",233.24
665.237,"scrambled eggs, hash browns, olive oil and bacon",572.58
263.749023,waffles and tofu,391.3
279.328308,"egg whites, sweet potato, cantaloupe and olive oil",336.99
141.350006,scrambled eggs and brussels sprouts,260.24
65.199997,pineapple and watermelon,174.41
354.445312,"chicken, eggplant, olive oil and cream",278.96
470.716644,"pork, pizza and caesar salad",514.33
436.955017,chicken and feta cheese,319.66
1067.511108,"salmon, brownies, beef, pasta and cheese pizza",653.15
734.429993,"chicken, parmesan cheese, olives, avocado and caesar dressing",474.6
613.592834,"scrambled eggs, chicken apple sausage and olive oil",501.18
370.793976,"olive oil, chicken, millet and spinach (raw)",342.14
122.110001,potatoes and grapes,173.73
181.954498,"salmon, olives, brown rice and cherry tomatoes",364.79
120.560005,"sweet potato, pineapple and watermelon",183.0
308.602997,"scrambled eggs, fruit salad and yogurt",321.03
381.171448,"egg whites, sweet potato, berries, honeydew melons and olive oil",282.84
142.669998,"apple, broccoli and cauliflower",117.26
393.270325,"cheese pizza, corn on the cob, pasta, pesto and caesar salad",424.96
122.25,"ham, white rice and cauliflower",140.07
174.248901,"olive oil, pumpkin seeds, eggplant and arugula",119.38
709.369019,"chicken, tuna, parmesan cheese and olives",467.55
90.619995,apple and noodles,219.74
370.130035,"beef, cauliflower and mushroom",186.24
105.879997,"grapes, cherry tomatoes and cantaloupe",50.87
99.754425,tofu and carrot,204.67
296.890015,almonds,661.36
767.266785,"salmon, beef, pasta and brown rice",575.95
177.659988,pepperoni pizza,274.12
412.67688,"chicken apple sausage, yam, egg whites, chia seeds and sweet potato",354.51
147.212189,"carrot, olives, onions, caesar dressing and cherry tomatoes",139.36
469.059998,"scrambled eggs, bagels, hash browns, cream cheese and honeydew melons",489.95
277.047302,"salmon, olive oil, brussels sprouts, brown rice and mixed greens",257.26
567.580994,"chicken, olives, avocado and caesar dressing",387.87
685.772949,"grilled chicken, cheese pizza and white rice",351.14
70.949997,chicken,548.39
440.69339,"scrambled eggs, pineapple, bacon, chia seeds and greek yogurt",345.85
207.098907,"olive oil, tofu, pumpkin seeds and eggplant",210.54
128.740005,oatmeal and corn,173.38
296.092896,"yam, olive oil, sweet potato and cantaloupe",237.2
235.410004,"scrambled eggs, potatoes and berries",294.74
126.795876,"pasta, pesto, caesar salad and wheat berry",358.04
553.511841,"pizza, steak and olive oil",428.23
114.013741,"olive oil, pilaf and bulgur",237.43
1116.391113,"salmon, brownies, beef, pasta and cheese pizza",653.15
157.878067,"olive oil, almonds, spinach (raw) and blueberries",193.43
461.160156,"cheese pizza, pork, caesar salad and quinoa",467.35
153.570007,"ham, olives and oatmeal",203.68
78.00235,"eggplant, cauliflower and olive oil",147.19
59.099998,"brussels sprouts, cantaloupe and bell peppers",125.6
356.3573,pizza and olive oil,424.39
69.689995,"fish, carrot and mixed greens",126.71
529.220032,almonds and grapes,410.55
428.667786,turkey bacon and olive oil,340.6
251.097473,"fish, wild rice, olive oil, wheat berry and cauliflower",241.63
234.234009,"avocado, bread and fish",287.58
202.821503,"pears, orange and carrot",139.11
721.365173,"sausage, hash browns and scrambled eggs",627.78
159.310791,"salmon, olive oil, squash and brown rice",322.87
634.505066,"steak, chicken, roasted potatoes, cauliflower and olive oil",517.87
377.830017,"chicken, olives, avocado and broccoli",361.13
140.502548,"bacon, yam, pineapple, strawberries and olive oil",148.79
253.520004,"chicken, potatoes and cantaloupe",198.58
173.791214,"fish, olive oil, white rice, country rice and chicken thighs",396.06
485.674011,"chicken, olives, parmesan cheese and black beans",471.59
87.331001,turkey bacon,331.22
215.359985,"chicken apple sausage, grapes, roasted potatoes and watermelon",274.29
281.720001,chicken and orange,288.84
132.824387,"egg whites, sweet potato and olive oil",377.83
103.300003,olives and brussels sprouts,157.81
57.940002,"avocado, mixed greens and mushroom",126.72
290.75,scrambled eggs and bacon,384.66
180.602646,"olive oil, spinach (raw) and green beans",49.24
286.027252,wild rice and olive oil,331.24
511.614227,"chicken, beef and olive oil",521.71
345.343719,chicken and olive oil,443.85
331.324493,"pork, fish and olive oil",450.56
497.739014,"waffles, egg whites and salsa",349.06
469.186188,"pepperoni pizza, chicken breast and olive oil",415.69
696.363525,"scrambled eggs, berries, cantaloupe, broccoli and sweet potato",255.8
318.482666,"chicken thighs, olive oil and chickpeas",519.38
407.132263,pork and mayonnaise,468.4
671.082031,"beef, olive oil and carrot",502.87
159.809174,"chicken, olive oil, millet and green beans",283.75
211.343994,"fish, olive oil and wheat berry",320.57
92.610001,chicken apple sausage and raspberries,313.75
317.781311,"cheese pizza, beef and squash",400.23
416.802032,"pork, corn on the cob, olive oil, pilaf and bulgur",359.73
569.417969,"grilled chicken, carrot, bell peppers and onions",316.37
424.292206,"chicken thighs, fish, couscous, olive oil and white beans",351.67
145.937561,"fish, white rice, olive oil, country rice and chicken thighs",385.15
111.832207,"chicken breast, olive oil and squash",346.74
133.559998,"banana, lemon and cauliflower",132.04
368.485199,"pork, corn on the cob, tofu, sugar and olive oil",456.92
130.279999,"chicken, tofu and cucumbers",314.31
335.944183,"egg whites, sweet potato, chia seeds, blueberries and greek yogurt",343.97
331.007507,beef and cheese pizza,338.31
104.373558,"olive oil, figs, brussels sprouts, broccoli and cauliflower",117.67
645.126465,pepperoni pizza and steak,336.59
508.347748,"salmon, olive oil, bulgur, brussels sprouts and brown rice",321.91
159.470001,"chicken, avocado and orange",268.53
451.753998,pepperoni pizza and brownies,382.01
261.616272,"quinoa, olive oil, cauliflower and mixed greens",126.72
211.78656,"cheese pizza, olive oil and caesar salad",334.29
202.2966,"scrambled eggs, sweet potato and olive oil",375.76
106.5,"beef, pineapple and bell peppers",249.3
181.740845,"wild rice, olive oil, honeydew melons, green beans and pumpkin seeds",111.03
411.151825,pork and chicken breast,578.47
155.600006,"bean(seed), pineapple and shrimp",139.05
169.072418,"cheese pizza, pork and sugar",506.78
174.015305,"roasted potatoes, olive oil, broccoli and arugula",180.59
145.313232,"wheat berry, olive oil, pecans and raisins",252.8
289.192596,"cheese pizza, chicken and country rice",444.03
154.317169,"fish, olive oil and quinoa",375.0
516.089478,"chicken breast, salmon, mayonnaise and pineapple",483.79
681.79126,"scrambled eggs, sweet potato and broccoli",298.6
81.310005,"brussels sprouts, cauliflower and bell peppers",123.34
224.75,"bean(seed), white rice and shrimp",145.4
240.695312,"succotash, roasted potatoes, berries, granola and honeydew melons",253.07
442.728943,chicken thighs and quinoa,335.57
285.670135,"chicken apple sausage, yam, egg whites, sweet potato and broccoli",340.34
152.320267,"olive oil, almonds, spinach (raw), green beans and blueberries",153.09
276.044403,"cheese pizza, beef, caesar salad and vinaigrette",350.25
90.76355,"granola, berries, cantaloupe, vinaigrette and mixed greens",154.58
48.91,tofu,299.54
616.771973,"chicken, olives, caesar dressing and carrot",327.93
73.669174,"caesar salad, brussels sprouts and olive oil",193.4
149.529999,"bacon, kiwi and broccoli",121.89
229.248688,"egg whites, yam, olive oil and sweet potato",350.44
951.840942,"chicken, beef, tofu and olive oil",466.16
203.699997,"almonds, deprecated and mixed greens",351.92
298.380798,"tofu, olive oil, brussels sprouts and bulgur",206.22
55.025124,"black beans, cheese, tortilla chips, spinach (raw) and corn",142.98
357.472565,"chicken, olive oil, cauliflower, eggplant and squash",279.77
277.656799,"pork, chicken breast, green beans and olive oil",325.91
50.792469,"vinaigrette, feta cheese, lettuce and olives",169.92
350.566833,"cheese pizza, chicken, country rice and caesar salad",358.83
485.67688,"pineapple, chicken apple sausage, yam, egg whites and chia seeds",340.77
139.810013,pears and strawberries,156.42
227.242706,pork and white rice,361.82
94.465088,pork and mayonnaise,468.4
73.239998,"tomatoes, bell peppers and mixed greens",76.02
59.450005,"olives, bell peppers and lettuce",189.77
175.940002,"beef, berries and apple",440.76
229.530243,ground turkey and corn on the cob,350.13
326.888977,"pepperoni pizza, olive oil, steak and caesar salad",410.1
407.633148,beef and white rice,365.23
887.823059,almonds and apple,559.88
171.53511,chicken breast and parmesan cheese,400.24
365.630005,"tuna, bell peppers, onions and carrot",249.75
268.832642,"scrambled eggs, sweet potato, cantaloupe, brussels sprouts and olive oil",284.32
645.801453,"pork, cheese pizza, corn on the cob, pasta and pesto",540.96
387.869995,"eggs, turkey bacon, sweet potato and watermelon",326.12
311.142975,"chicken breast, fish, olives, olive oil and white beans",323.31
372.230896,"beef, cheese pizza, broccoli and olive oil",284.15
224.987503,pork and white rice,361.82
35.230003,"broccoli, squash, cucumbers and zucchini",69.56
433.749969,"egg whites, sweet potato, berries, salsa and olive oil",407.47
260.434052,"cheese pizza, caesar salad, chicken and brussels sprouts",281.86
334.945831,"cheese pizza, roasted potatoes and chicken thighs",486.07
306.333679,"chicken, caesar salad, olive oil and green beans",249.0
102.800003,"olives, orange and carrot",124.38
66.300003,"berries, bell peppers and tomatoes",107.31
324.5,"beef, orange and cheese",171.01
240.020004,"cheese pizza, caesar salad and pineapple",226.33
372.070038,"scrambled eggs, yam, olive oil, sweet potato and egg whites",369.14
532.508606,"corn on the cob, cheese pizza, chicken, olive oil and pork",567.5
141.699997,"chicken, olives and kimchi",309.63
435.493286,beef and millet,406.22
196.820007,"sweet potato, bacon and berries",225.83
138.938004,"bread, pineapple and tomatoes",111.19
762.381958,"sausage, hash browns, egg whites and pineapple",493.96
354.044922,"scrambled eggs, olive oil, berries and broccoli",352.27
418.952423,beef and olive oil,439.8
322.679993,"egg whites, cantaloupe and pineapple",236.7
138.869995,"tortilla, fish and cauliflower",237.87
273.63089,"chicken, olive oil and roasted potatoes",373.59
1268.157349,"hash browns, sausage, scrambled eggs and granola",745.81
166.580002,"bacon, potatoes and tomatoes",165.47
385.773926,"beef, fish, olive oil, cauliflower and lentils",350.86
920.120422,"chicken, roasted potatoes and quinoa",416.37
262.261963,"scrambled eggs, sweet potato, cantaloupe, olive oil and broccoli",288.59
279.708801,"pork, broccoli, olive oil and squash",299.17
385.402527,"fish, olive oil, roasted potatoes, wheat berry and eggplant",245.36
324.913513,steak and wheat berry,346.8
126.154343,"fish, olive oil and wheat berry",320.57
131.179993,noodles and ham,185.21
373.507965,"chicken thighs, cheese, tortilla and caesar salad",466.87
204.970001,"corn on the cob, apple, cauliflower and cantaloupe",226.45
365.269897,pepperoni pizza and chicken breast,473.16
257.398834,"chicken, pork, corn on the cob and olive oil",469.87
506.355377,roast chicken and steak,425.06
99.040001,"berries, shrimp and broccoli",71.26
381.661957,"chicken, tofu, olive oil and millet",422.69
504.820892,"pizza, beef and olive oil",546.66
89.964882,sweet potato and olive oil,240.2
179.138412,"chicken, corn on the cob and olive oil",424.85
241.169998,chicken and mixed greens,245.26
498.821136,"salmon, wheat berry, olive oil and brown rice",467.86
117.181976,"tofu, honeydew melons, fish, asparagus and cherry tomatoes",128.94
130.981018,"roasted potatoes, broccoli and olive oil",220.05
555.712891,"pork, pizza, fish, sugar and olive oil",598.4
160.845459,"chicken thighs, caesar salad and quinoa",336.28
733.018555,beef and cheese pizza,338.31
464.117981,"chicken, parmesan cheese and olives",488.66
485.186493,cheese pizza and chicken,494.24
273.899994,nuts and tortilla,368.36
35.669998,lemon,144.28
91.800003,shrimp and orange,101.62
101.239998,chicken apple sausage and egg whites,359.14
133.659988,"olive oil, broccoli, bulgur and squash",174.77
352.820007,"bagels, berries, sweet potato and cream cheese",239.45
413.942017,"tuna, almonds, olives and carrot",414.71
584.526001,"sausage, potatoes and grapes",262.67
103.279999,"olives, tofu and cauliflower",172.3
