meal_title,pred_calories
soft pretzels,350.0
plate of anti-cancer goodness - cause cancer sucks,400.0
jelly made from sour cream and juice,170.0
lemon curd,150.0
"fish, potatoes and a salsa thingy",360.0
peri-peri chicken and vegetables,450.0
sheppard’s pie,600.0
peri peri maggi,370.0
extra-spicy carrot soup,175.0
salmon patty burger with lemon dill mayo,590.0
"grilled blacked chicken breast with munster cheese, homemade spicy garlic sauce, lettuce, onion on a toasted brioche",600.0
banh mi — roast pork add pate,620.0
stir-fried chicken and ouster mushrooms with honeyed crispy potatoes,720.0
"flatbread with garlicky roasted cherry tomatoes, spinach and mozzarella",514.0
yolk - pork/pork belly rice bowl,640.0
"foil packet: santafe sofrito marinated chicken breast with seasoned corn salsa, topped with mex blend cheese",560.0
"burgers! mushroom swiss, habanero strawberry jam with goat cheese, arugula, and caramelized onions, and american classic",1150.0
smoked pork taco topped with caramelized pineapple/onion and a lime flavored slaw. plus guacamole,450.0
stuffed chicken wings and vietnamese style fired spring rolls with rice paper,900.0
fried shrimp po' boy with crystal's hot sauce,740.0
scallops and foie gras with shallots in a balsamic port reduction and crispy shallots on a buttry egg challah,700.0
french macaron,90.0
"egg, prosciutto, mushroom and kale tostada",350.0
warm cookie dough with ice cream and chocolate sauce,520.0
scrambled eggs with bacon and two kinds of bread,435.0
blueberry sour cream cake,420.0
cacio e pepe,600.0
"bacon big mac's, chicken strips, cheese bites and mac and cheese bites",1640.0
chicken soup,160.0
bbq chicken loaded sweet potato,420.0
bread pudding french toast,570.0
cara cara orange chicken,335.0
chhole bhature | chhole bhature ki recipe | bhature kaise banaye | भटूरे,750.0
"jasmine rice, fried chicken, kimchi, and japanese cucumber salad",580.0
banh bo nuong,360.0
charred peach and prosciutto spring salad,320.0
pork shoulders,490.0
ragù bolognese with tagliatelle,700.0
classic bolognese sauce after 4 hours in the oven,400.0
air fryer chicken thighs,460.0
nasi goreng,480.0
"pizza with fig jam, prosciutto, feta, grana padana, sage, basil, mozzarella and balsamic",1200.0
summer avocado salad,180.0
philly cheesesteak,1000.0
sarson ka saag w/chicken,380.0
carbonara fire noodles,820.0
hatch chile enchiladas,760.0
bacon and cheddar stuffed mushrooms,330.0
apple pie with freshly picked apples,350.0
charred garlicy lemon asparagus and gruyere,270.0
"fettuccine with coconut curry sauce, shrimp and scallops",700.0
hot pot,650.0
simple and delicious: crispy potatoes,313.0
chocolate chip shortbread,300.0
"strip steak, arugula beet salad, and mushrooms with bacon, pearl onions, and blue cheese",810.0
finished pork shoulder. smoked on my big green egg at 250 and then finished with the texas crutch due to time constraints,540.0
country fried chicken (and roast beef belly in the background,650.0
"breakfast for dinner - hash brown waffle, guacamole, over easy egg, bacon and sour cream",620.0
"mix veg curd mayonnaise sandwich || मेयोनेज़ , सब्जी और दही से बनी",310.0
spaghetti in a creamy onion and bacon sauce with peas and parmesan. simple side salad,760.0
fuck it quarantine birthday cake,600.0
blueberry lime cake,350.0
enchiladas potosinas,600.0
stuffed baingan masala | stuffed brinjal masala | bharwa baingan recipe,450.0
christmas cookies,450.0
smoked and glazed bbq pork ribs,580.0
bacon wrapped cream cheese stuffed jalapeno poppers,300.0
chicken and waffles,750.0
a few glazed donut,600.0
salted caramel bacon quadruple chocolate chip cookies,720.0
steak and taters for murica day,650.0
"ambiguous asian dinner: bulgogi pork, grilled baby bok choy, green onion kimchi, 2 poached eggs, avocado, and thai sweet rice, topped with furikake and garlic chili oil",975.0
double cheese-everything,526.0
two-ingredient pancakes,245.0
scottish breakfast,1090.0
mixed vegetable parathas - a spicy combination of vegetables wrapped in whole wheat tortillas (including tortilla preparation,400.0
street tacos,420.0
roast beef,360.0
beef pappardelle,750.0
pasta in a wheel of cheese,520.0
"red velvet french toast with cream cheese and cacao nib, soft scrambled egg",720.0
swordfish steak on dirty rice and a side of greens,630.0
hoisin-turkey meatballs with mai fun and glazed sweet potatoes and split peas,865.0
chicken sausage pizza,360.0
chocolate floraz by bouquet chocolates and confections (tm,90.0
chicken club on ciabatta,700.0
"moist brisket, frito pie and some spicy shells and cheese",970.0
for breakfast i made hummus and fava beans,331.0
sweet avocado cupcakes,330.0
breakfast platter,560.0
"caviar with blinis/ lobster escargot, butter garlic escargot, gorgonzola escargot/ french onion soup/ beef wellington, yorkshire pudding, mashed potatoes",1370.0
indonesian sambal seafood (shrimp and squid,350.0
jerk chicken with jollof rice and coleslaw,770.0
ribeye and provolone cheesesteak sandwiches,900.0
raspberry charlotte,420.0
fried avocado tacos with refried beans and jalapeno ranch dressing,765.0
i am thankful for pizza,300.0
meat pie dinner fit for a hobbit or dovahkiin,1100.0
strawberry tart,390.0
lemon curd tart,350.0
a proper sunday lunch,840.0
blackened halibut with lime cilantro corn salad and parmesan risotto,740.0
crispy baked chicken and bacon wrapped asparagus,650.0
oats dhokla recipe/ instant oats dhokla recipe rasoi.me by- martina motwani,300.0
rib eye,500.0
pesto pasta,470.0
shrimp stuffed mushrooms,150.0
kiwi and strawberry pavlova,330.0
made some braised oxtail over homemade pappardelle,820.0
ham and chicken spaghetti,520.0
"brunch tacos (egg, cheese, chorizo, avocado, jalapeño, pineapple, onion",690.0
naan bread pizza. got so baked last night and came up with this,520.0
shrimp and grits,380.0
blood orange and chocolate scewers,170.0
brownies with marshmallow,330.0
"lemon velouté with grilled chicken, steamed green beans and broccoli, and garlic oven broiled/roasted potatoes",540.0
vietnamese banh cuon,460.0
japanese okonomiyaki,650.0
fuji apple salad and ramen noodles,465.0
french cube - garlic bread cube with egg on all sides and a yolk within,480.0
masala fried garlic lobster with chapati,420.0
"poilane bread, jamon serrano, spicy chicken and poached egg on bed of mixed lettuce, sweet balsamic sauce, olive oil seasoning, raspberries and parmigiano regano",740.0
gochujang and kimchi fried rice,470.0
apple hand pies,350.0
ribeye and bok choy,500.0
hickory smoked brisket. 13 hours,490.0
gujiya (sweet empanadas). happy diwali,250.0
sashimi. seriously would eat this three times a week if i could,180.0
white garlic basil sauce/shrimp/mozzarella and parmesan/crushed tomato pizza,1120.0
kitkat macarons,200.0
omelette soufflé,285.0
indonesian goat satay with indonesian pickle (pickled red onion and cucumber,300.0
pasta e fagioli aka passa fazool,500.0
leftover pot roast sandwiches with fries,860.0
kashke bademjan - eggplant and walnut dip with flatbbreads,600.0
cherry pie,360.0
lamb shank with vegetable pilao,800.0
7 cheese mac and cheese,800.0
ahi tuna steak,220.0
indian chicken biryani,650.0
brownie and ice cream,480.0
"raviolis stuffed with pancetta, ricotta and spinach",540.0
loaded chili cheese fries,860.0
strawberry honey toast,170.0
chickpea stew,430.0
beef brisket ramen,750.0
smoked reverse-seared ribeye with nam jim jaew sauce,900.0
"hummus and halloumi with sumac, confit cherry tomatoes, poached egg, sourdough toast and far too much butter",934.0
sushi for two,900.0
"double decker taco replica. ground bison, homemade refried pintos, homemade hot salsa",485.0
stuffed cherry peppers,300.0
spicy shanghai calamari,300.0
cajun shrimp,150.0
"roasted sweet potato, red onion and kale veggie tacos with chipotle garlic sauce, cilantro, feta and fresh lime",560.0
buffalo momo with tomato and sesame achar,510.0
"reginelle with mozzarella, tomatoes and fresh basil",400.0
pomegranate-lemon sugar cookies with sea salt and chocolate ganache,330.0
black pudding,280.0
beef samosas,500.0
fried green tomatoes with a horseradish remoulade,450.0
cast iron corn bread,200.0
ten-don with home-grown pumpkin blossoms and shiso,750.0
i made chocolate cupcakes with a fudge covered mint oreo inside and mint buttercream on top. my buttercream needs work,500.0
a chili cheeseburger,680.0
smoked st. louis style ribs,520.0
spanish mussels and portuguese cornbread,650.0
mediterranean omelette and salad,510.0
almond croissants,450.0
kue lapis kacang ( traditional indonesian peanut thousand layers cake,350.0
shrimp breakfast tacos,480.0
5 hour smoked pork ribs,800.0
election day chicken biryani,650.0
brunch nest,306.0
"lollipop roll (shiitake, oshinko, kampyo, cucumber, inari, advocado, kale with beet purée and seasame sauce",510.0
basic fettuccine alfredo,620.0
spinach omelette with avocado toast,390.0
"burger with bacon, american cheese, caramelized onions, jalapenos, pickles, and thousand island sauce",760.0
goulasch soup,550.0
fried mushrooms,150.0
sourdough pizza,850.0
a crispy hot chicken sandwich,520.0
"garlic rice, vietnamese prawn spring rolls with dipping sauce and pickled pink onion, shoe sole fish, okra in sambal chilli sauce",790.0
an apple fritter,400.0
pad thai,730.0
cevapi recept,720.0
"pepperoni, sausage and banana pepper pizza",480.0
grilled top sirloin steak,360.0
black-eyed peas black beans and chicken stew,440.0
masala rice | chicken masala rice recipe,650.0
rib sandwich,520.0
malaysian shrimp curry,515.0
fresh berries and watermelon,120.0
four cheese mac and cheese,600.0
vanilla flavoured macarons,270.0
chocolate cake with oreo buttercream and chocolate ganache,600.0
nutella bobka,420.0
pumpkin spice bread,260.0
whole grain blueberry pancakes with honey and bacon,520.0
"raspberry chicken thigh stirfry made with left over raspberry chicken thighs , fresh romanesco , portobello mushrooms , sugar snap peas , red peppers white rice and my spicy home made stirfry sauce",690.0
"pancake with rosemary, asparagus, sun dried tomato, onion and gorgonzola",430.0
soft pretzels,350.0
"shrimp greek salad, fried shrimp, chicken strips with asparagus and green beans",1020.0
sea bream sashimi,130.0
pot roast,580.0
healthy granola apple crumble with greek yoghurt and cinnamon,360.0
beef roast dinner,480.0
cake with strawberries,350.0
monkey bread,420.0
french toast,540.0
blueberry cobbler,420.0
steamed alaskan snow crab legs with red wine cooked shell fish and scallops,360.0
pork shoulder for pan cubanos,300.0
smoothie bowl for lunch,450.0
creamy polenta with mushrooms and sausage,540.0
"meat jun, rice, garlic salted corn, and mac salad",950.0
smoked pork belly chunks,520.0
carne qsada with grilled onion and nopales,535.0
spam musubi,300.0
bresaola salad,180.0
"sausage, egg, and hash brown muffin",560.0
rainbow trout w/ brussell sprouts and butternut squash,508.0
din tai fung,480.0
"chicken kofta, lamb chops, and grilled chicken breast",700.0
freshly caught saithe cooked over campfire and cloudberries,190.0
grass-fed prime rib,600.0
spring morel mushroom and wild leek quiche,240.0
everything (except sesame seed) bagels,300.0
5 layer dip,275.0
amaretto bread pudding,520.0
"chicken thigh fillets with green beans, mushroom and rice",590.0
peter rabbit themed 3rd birthday cake,420.0
"bibimbap/비빔밥. korean rice dish with veggies, bulgogi (seasoned beef), eggs, and spicy gochujang (korean red pepper) sauce",625.0
noodles with peanut sauce and fresh cukes and carrots,620.0
"creamy orzo, stuffed chicken, garlic bun and sautéed tomatoes",1030.0
sweet potato spirals stir fry and curried tofu,410.0
oven roasted apple cornbread stuffed chicken,550.0
deep dish pizza,800.0
peach tart,320.0
noodle casserole alla bersagliera,500.0
hand-cut double fried french fries with buffalo ranch dip,780.0
fried chicken thighs with yellow rice,780.0
peak season tomato and gruyere galette cooked on the grill,820.0
"crème brûlée, fixed",400.0
personal-sized lasagna,550.0
cherry and almond cake,380.0
my wife’s first attempt at “real” mexican. tostadas de tinga poblanos,660.0
serrano chili sourdough with caraway seeds,225.0
pepperoni and jalapeno pizza,900.0
steak sandwich,720.0
french toast brunch with bloody mary,666.0
pasta with red sauce,280.0
creamy sun-dried tomato pesto chicken fusilli with fresh mozzarella,700.0
apricot clafoutis,220.0
"cacio e pepe, fresh pasta",480.0
"sous vide pork loin, herb roasted potatoes, asparagus cream sauce",680.0
amazing street style ghugni chaat (indian street food,550.0
chicken fried steak,700.0
"orange, lime-ginger, and chocolate raspberry tarts topped with swiss meringue",650.0
lemon tart,320.0
asian platter. chicken shumai. chicken satay. veggie egg rolls,880.0
easy vegetable and egg frittata recipe,385.0
ny strip sous vide 129f chimney sear,600.0
veggie scotch eggs,300.0
"bacon/crispy chicken burger - basil aioli, romaine, grilled aioli bun",725.0
"quiche with fontina, sharp cheddar, monterey jack, chives and bacon",390.0
"greek platter with chicken souvlaki, rice pilafi, greek salad, tabouleh, naan and tzatziki",975.0
rugelach ( apricot jam and walnuts filling,240.0
a simple tiny burger,255.0
veggie full english,820.0
ratatouille pre baking,230.0
chicken rice aka khao mun gai,730.0
transforming furikake gohan,205.0
red fife sour dough pastrami sanwiches,500.0
spicy red pepper sesame chicken thai stir fry,460.0
some pretty good hospital food,580.0
"chicken tagine served with mint yogurt, mango chutney, coconut and herb couscous",790.0
jamaican ox tail,650.0
broiled salmon with garlic parmesan asparagus and homemade tartar sauce,612.0
"pistachio and honey crusted rack of lamb, thyme roasted potatoes and pistachio purée",1085.0
homemade tortillas for my chicken tacos,350.0
wedding cake with different styles of tiers to tribute all the weddings cancelled this year,550.0
"salmon, nuoc cham, radish, butter lettuce",405.0
"at a burger stall in serdang, selangor, malaysia",600.0
"kerala beef curry, masoor daal, onion chutney, masala gobi, mixed veg raita and naan",1060.0
beef birria tacos with consommé,750.0
"chicken cutlet with bacon melted mozz, and pesto mayo",730.0
gruyere mac and cheese with fried rosemary,900.0
teriyaki chicken and vegetables plate with cauliflower rice,420.0
an enormous donut,900.0
"grass fed beef, tillamook cheddar, spinach, tomatoes, and mayo",520.0
kraken and molasses bbq chicken with steamed broccoli,420.0
"creamy polenta with chicken, spinach and mushroom sauce",600.0
mofongo with camarones guisados,965.0
won ton soup,370.0
wedding cake for my dad,500.0
"this delicious steakhouse burger. housemade steak sauce, crispy onion straws, baby swiss, sauteed mushrooms, garlic aioli, and a toasted brioche bun",1075.0
bbq rib panini,800.0
chocolate ganache layered cake with marshmallow filling,520.0
"spicy bbq pulled jackfruit, and tequila lime coleslaw",400.0
beef carpaccio with parmesan shavings,190.0
"mushroom, chicken and green onions",250.0
chipotle style chicken burrito with guac,580.0
enjoying this super thin french crepe,110.0
asian fusion carnitas tacos,550.0
christmas pernil,450.0
"delmonico steak, saffron dirty rice and tropical fruit salad",1120.0
fancying up boring ramen noodles,480.0
vegetable lasagna,420.0
pan-fried gyoza,360.0
carne asada tacos with 2 different homemade salsas,520.0
donut cookies,360.0
beef brisket pot roast,550.0
a slice of blueberry pie,400.0
grilled eggplant salad,200.0
ethiopian food,500.0
monk's chicken in toasted coriander gravy and rice,550.0
40 cloves of garlic chicken,370.0
negi miso ramen with butter and corn,580.0
potato and corn chowder,360.0
chicken stew,420.0
weekly fish box from my local fish provider,200.0
"spicy calzone with hot sopressata, italian sausage, 3 cheese blend and homemade spicy peppers and marinara",1400.0
cinnamon buns w/ pecans and rasins,420.0
"choux buns with craquelin, dulce de leche, salted caramel diplomat cream, and chocolate ganache",930.0
oreo cheesecake,480.0
"baked avocado with eggs and serrano ham, fresh guacamole and salad",590.0
filipino barbecue 🇵🇭,520.0
ramen and smoked tuna maki,750.0
bibimbop anyone,700.0
buffalo chicken burger,460.0
air fried pork chops in a rice dish and ramen dish,600.0
bruschetta on homemade italian bread. a split of tomato and smoked mozzarella and roasted pepper and pecorino romano,420.0
venezuelan quesillo *not mexican flan*,275.0
italian meatballs,480.0
my first load of challah. braiding skills bad. taste great. novice baker,2100.0
fish korma,480.0
super easy and tasty fish taco,260.0
tacos and quesadillas | tacos tumbras a tomas,860.0
roasted turkey. 24lbs!! details in comments,170.0
"chicharones, tostones, and rice",830.0
steak and cheese baked potato,630.0
bolognese arabiatta,650.0
chilli garlic mushroom,170.0
twice baked potatoes with bacon and pulled pork,860.0
"it's been done several times. this time, the most successful, indian food",550.0
"chicken, italian sausage, and vegetables in a spicy curry cream sauce over rice",780.0
number cake,450.0
"hey, those are nacho chips! whipped up some friday food for my honey and me",460.0
crispy pork belly,500.0
focaccia bread,330.0
chocolate chip cookies,300.0
cheese homefries with pickled jalapeños onions green pepper,450.0
apple caramel pudding,420.0
carnitas tacos,550.0
"lorighittas and salt, pepper n lemongrass fish",480.0
"cold rolls - watermelon, vietnamese grilled chicken, pickled watermelon rind, herbs, lettuce, noodles, cucumber",480.0
banana bread,280.0
egg casserole,400.0
wagyu in n out style sliders,1050.0
snow cream,175.0
thánh nấu ăn làm món ếch xào có 1-0-2 cực khó nuốt | stop motion crazy,240.0
truffle pasta,350.0
flavorful black bean soup. recipe and step by step pictures in comments,360.0
spaghetti aglio e olio,620.0
shanghainese hot and sour soup,190.0
7 layer eggplant parmesan,666.0
reverse sear top sirloin,500.0
sweet and sour pork over rice,650.0
"i cooked skandinavian for a friend today: main dish: swedish, norwegian koettbullar or kjoettkaker with roast rosemary potatoes, sauce and cranberries",850.0
"grilled pork chop with chimichurri, skillet-fried potatoes and tomato cucumber salad",710.0
donuts and donut holes,700.0
"flatbread with pancetta, parmigiano-reggiano, ramps and ramp pesto",630.0
"loh mai kai (steamed glutinous rice, a type of dim sum",450.0
brioche bun veggie burger,450.0
he bao dan,110.0
french onion soup,420.0
"don’t throw away bad or ripe bananas but instead, make banana bread",275.0
brunch pastry,350.0
beef fajitas,800.0
harvest ziti,550.0
"smoked brisket, ribs and chicken thighs",640.0
chicken mole,450.0
deviled eggs and caviar,300.0
mini chocolate chestnut cake,380.0
sticky rice balls,250.0
smoked chicken legs,360.0
okonomiyaki bar in tokyo for lunch,830.0
grilled chicken caesar salad,550.0
fried shiitake with spicy tar tar,350.0
potato and egg breakfast tacos with salsa verde,500.0
lemon poppyseed donuts with a lemon glaze,360.0
spicy country chicken curry,480.0
dinner i f*cked up. it was horrible,600.0
"grilled chicken marinated in olive oil, brown sugar, crushed red pepper, and rosemary with green beans and riced cauliflower",380.0
eggplant parm with meatballs,850.0
chocolate pancakes with chocolate ice cream and chocolate cream,670.0
pork belly with waffles and egg with a side salad for brunch,900.0
cinnamon apple cake,360.0
chocolate espresso macarons w/dark chocolate ganache,320.0
french omelette,320.0
spicy miso ramen,700.0
bison steak and smashed red potatoes for lunch,550.0
"pulled pork bbq, texas toast, corn pudding, and brisket chili",960.0
a 15-minute vegetable salad and 10 ingredients provide you with over 225,260.0
this cheese tray setup was so good,510.0
smoked baby back ribs,480.0
crispy asian chicken wings,600.0
pasteis de nata,250.0
asparagus quiche,300.0
tahdig - bread from bottom of the ricepot,220.0
wiener schnitzel with chipped potatoes and salad,960.0
skate and salmon tempura ramen,1100.0
filet mignon avec sauce béarnaise,700.0
kind of smashed smash burgers with chipotle mayo and cheddar,850.0
uttapam which is a south indian dish at a restaurant named sagar ratna in ludhiana,350.0
ants crawling on tree,510.0
"bbq ribs, smoked wings, mac and cheese and fries",1200.0
pastéis de nata,260.0
shepard's pie,600.0
"corned beef round with cabbage, potatoes, carrots and rye bread",450.0
i'm curing these beautiful farm-fresh egg yolks,110.0
"buttermilk fried green tomato caprese with homemade spicy sour cream sauce, burrata and feta",740.0
fiesta chicken with veggie rice,570.0
buffalo wings with blue cheese dip,820.0
chicken cutlet |asiago cheese | olive spread | pesto | roasted pepper | red onion | on trader joe’s tomato parmesan focaccia,820.0
cacio e pepe,470.0
nashville hot chicken. many thanks to all who helped me on my previous post,650.0
hot and sour soup,160.0
chicken bao buns with fried rice,950.0
double chocolate brownies,280.0
cheese pizza,800.0
philly cheesesteak with seasoned fries,1050.0
pain perdu; french toast stuffed with cream cheese and orange marmalade,760.0
prime rib med-rare,500.0
fried chicken sammich,600.0
"egg-in-onion with mushroom, pepper and garlic",200.0
lomo saltado prepared by a co-worker,930.0
"shoyu ramen with pork, nori and shiitake",800.0
"tandoori chicken at curry leaf, bhubaneshwar",420.0
taco salad,620.0
prosciutto and fig pizza,950.0
stuffed wontons,360.0
mushroom risotto,600.0
macaron with chocolate filling and gold leaf topping,110.0
grilled shrimp and steak,650.0
"tomato sauce, green bean pickles, mixed pickles and quince compote",165.0
poached eggs over garlic oil veggies,310.0
fried chicken and caesar salad with homemade croutons and dressing,800.0
pulled pork nachos drizzled with a white sauce,840.0
little fresh made pasta and lobsters ready for the grill,340.0
naan bread,300.0
"grilled halibut fish tacos with guac, pico, slaw, and a bang bang sauce",580.0
mud pie cheesecake,550.0
"clean out the fridge cast iron pizza: charcuterie, red onion, serrano peppers, sliced tomato",720.0
sizzling chicken bulgogi,430.0
a basket full of fried pickles,400.0
i made s.o.s for my husband (not my thing but he wanted it,600.0
blueberry pancakes,330.0
this calzone,800.0
"donuts, glazed and cinnamon 'n sugar",480.0
cevapi with bosnian spicy sausage,700.0
new york style pizza,400.0
"ny steak, yams/carrots, asparagus and crab",680.0
"breakfast for dinner, and a side of pound cake for dessert",900.0
a reuben,870.0
bao buns,320.0
crispy fried chilli peppers with toasted cashews and seasoning,310.0
greek salad,365.0
cardamom cinnamon buns,350.0
lemon squares with a side of ice cream,610.0
kenji’s mac and cheese,700.0
chicken katsu sando,550.0
brioche loaf,260.0
got dang steak quesadilla,930.0
crispy pork carnitas tacos,600.0
smoked salmon cream cheese poppyseed bagel,470.0
deep fried eel backbones (with lemon,310.0
full puff pastry croissants,300.0
huevos rancheros,420.0
a cookie bouquet (lemon and milk chocolate chip,800.0
no need to explain,550.0
crispy fried chicken,350.0
tempura / tenpura【天妇罗】/ 天麩羅，comida japonesa， te enseño paso a paso como,450.0
"french onion and red wine braised beef with turnips, carrots, pearl onions, with garlic mashed potatoes and a yeast roll",900.0
"marinated garlic flat iron steak with a thyme, garlic butter and a cold garbanzo bean salad with fresh squeezed lemon juice, cucumbers, cilantro, red onions and tomato",825.0
beouf bourguignon,650.0
chicken pot pie,550.0
"roast top loin, bacon hominy, whole roasted garlic and jerusalem artichoke",735.0
beef bulgogi,460.0
paris-brest (choux pastry with praline cream,700.0
"smokey pulled pork, poached egg, fire roasted jalapeño hollandaise on crispy potatoes",780.0
creamy mushroom and chicken bucatini,765.0
two pork tacos (1 flour and 1 corn tortilla,420.0
cococunut curry i made it was tasty for dinner,480.0
fried chicken sandwich,600.0
pulled turkey,220.0
spinach n cheese qniche,380.0
twist dipped in peanut butter,450.0
"clear set lemon meringue pie, classic lemon tart, lemon brittle and sugared pistachio crumble",570.0
ny strip steaks and potatoes with garlic herb butter,800.0
chocolate cake with raspberry jam filling,420.0
eggs benedict - first time poaching an egg,550.0
chicken tortilla soup,320.0
brownie volcano and cookie ice cream cake,800.0
the beginnings of chicken fettuccine alfredo. these noodles are the best,800.0
chioggia beet and jerusalem artichoke,160.0
grilled tomahawk rubbed with lemon pepper,1350.0
"cast iron prime cut ribeye, with chèvre and herb blend tortellini and roasted brussels and peas",1360.0
italian bread,150.0
carrot cake with cream cheese frosting,450.0
coconut macaroons simple and fast,240.0
"lamb and mint burger with a yoghurt, mint, dill and garlic sauce on a brioche bun",560.0
fasolakia lathera,214.0
train bento (ekiban,700.0
sandwich rolls,150.0
some of best chinese bbq duck in houston. place called siu lap city,520.0
kroger brand private selection pizza - gross,2000.0
beautiful pumpkin bread,240.0
cheese toastie,420.0
hijiki salad,160.0
"pulled beef and pickled jalapeno sliders, w/ rye rocks",570.0
cheesy guacamole scrambled egg sandwich,495.0
kimchi fried rice,450.0
blackened tilapia tacos with a jalapeño based salsa and a side of elote,700.0
sauteed shitake with rice,360.0
lobster spring rolls,370.0
corned beef with soup and potatoes,440.0
crab mac and cheese with broccoli,820.0
meatball sub w/deep fried dill pickle spears(not homemade,980.0
falafel bowl,570.0
cornhash and eggs,420.0
mushroom and truffle oil pizza,800.0
meatballs in a broiche bun,550.0
lemon-lime poppyseed loaf,300.0
this is the most “michigan” thing to do! grilling brats while it snows in boots and shorts,320.0
chocolate banana cake,380.0
steak and roast vegetables for autumn,600.0
thicc pancake,420.0
how to make quick and easy french toast recipe,450.0
buttermilk chicken and waffles with hot honey syrup,900.0
sweet potato pockets,180.0
dark chocolate cupcakes with raspberry buttercream frosting,380.0
"mezze platter: hummus, tabbouleh, burek, fresh-baked pita, pickled olives, and codfish with potatoes. my ode to mediterranean and middle eastern cuisine",1050.0
neopolitan pizza,900.0
dark chocolate s'mores fudge,325.0
"ho cucinato pizza di italiano al capperi, basili, salami, pepperoni, olio turtafo",1250.0
spatchcock dry brined holiday turkey,300.0
chocolate cocoa cookies,360.0
"new york strip, shrimp, mac and cheese, and various veggies cooked over the grill",940.0
mix vegetable soup recipe | pureed mixed vegetable soup recipe,180.0
nigerian meat pie and puff puff,700.0
60 day dry aged bone in ribeye,850.0
tomato mozzarella,300.0
texas sheet cake,450.0
spaghetti alla gricia,760.0
fish fingers,320.0
"dirikolé, rice and beans",520.0
sausage and potatoes with gravy,530.0
"sirloin steak, cauliflower and broccoli cheese, homemade fries and a brandy and mushroom sauce",1105.0
korean fried chicken with sweet chilli glaze,850.0
filipino arroz caldo,600.0
nigiri sushi,360.0
creamy white sauce vegetable pasta,820.0
shakshuka for one,370.0
turkey stock for thanksgiving,40.0
burger with fries,850.0
creamy salmon sauce and tagliatelle pasta,820.0
banana pudding cream pie,420.0
sweet n' sour shrimp and broccoli (extra saucy,370.0
chickpea ramen,455.0
herb and red wine beef liver pate,260.0
pork loin smoked over pecan,300.0
i smoked a brisket,550.0
ssamjang wings,580.0
reverse seared tomahawk ribeye with eggs for breakfast. ron swanson would be proud,1580.0
texas bbq,420.0
parm gnocchi,385.0
"christmas dinner for one, contactless delivery by my neighbor",850.0
"gnocchi with bacon, spinach and roasted asparagus in a mascapone sauce",690.0
"heritage pork belly cured into slab bacon, ready to slice, cook and eat",400.0
fennel and citrus salad with salmon (and extra crispy skin,580.0
"sourdough buns - quarantine tip: start up a sourdough, you have the time now",220.0
breakfast quesadilla with potatoes roasted in an herbed butter and eggs,800.0
beef stew,420.0
blueberry orange cinnamon swirls,320.0
creamy pesto pasta bake,620.0
clam chowder,300.0
"roasted veggie tacos with queso fresco, avocado and a chipotle cashew crema",560.0
okra potato cauliflower pea curry,330.0
crispy potatoes cheesy balls 😋,600.0
rice noodle soup,320.0
i made fried chicken for the first time,450.0
chicken katsu curry,860.0
bavette accompanied by a good glas of laphroaig,520.0
orange chicken,500.0
"grass-fed sirloin, homemade chips with truffle oil and lemon zest",724.0
braised lamb shoulder and fixings,760.0
cinnamon and sugar biscuits out of the oven. topped it w butter and maple syrup when serving,500.0
strawberry-basil pie with buttermilk crust,320.0
teriyaki chicken bento,575.0
charred cajun drumsticks on a bed of mashed potatoes with mango salsa on the side,685.0
eggplant parmesan,530.0
butternut squash ravioli with crab meat vodka sauce,680.0
sticky rice fried pork with chinese style sweet and sour sauce,660.0
hiroshima okonomiyaki. japanese street food,980.0
matcha mochi beignets,480.0
sandwich sushi,420.0
"sauteed mahi-mahi over rice, grilled sweet potato, roasted asparagus",635.0
peking duck and hot pot,750.0
"deer carpaccio, slovenia",140.0
chicken noodle soup,300.0
surf n turf,630.0
"a hotdog in vienna, austria",350.0
"chicken burger with double fried fries, oven baked onion rings and dipping sauce",1296.0
authentic jerk chicken with red beans and rice! (bonus ting,800.0
smoked wagyu brisket on blue cheese buttered brioche slider buns,490.0
fried wings with buffalo sauce,600.0
chocolate chip cookies,300.0
gingerbread cookies with royal icing and glass candy,390.0
loaded potato skins,550.0
"italian turkey meatballs, brown sugar sweet potatoes, and goat cheese arugula salad",580.0
"a berry tart for my neighbours (berries, lemon crémeux, pastry",450.0
carne asada fries,1150.0
"chocolate chip pancake with cream cheese frosting, whipped cream, and extra chcolate chips",800.0
zucchini flowers stuffed with goat cheese and drizzled with honey,210.0
braised short rib with mashed potatoes and green beans,900.0
"bao with char siu pork, pickled cucumber, cilantro and sriracha mayo",400.0
venison wellington with cumberland sauce and asparagus,820.0
bucatini puttanesca,560.0
burger and tots,750.0
grilled pork with onions and vinegar,250.0
wagyu and prawn gyoza at uni in london,650.0
vegetable pakoras,350.0
hazelnut praline choux,260.0
refeição horrível do mal: anjo se torna alimento para satan - cozinhando,200.0
"gluten, sugar and dairy free caramel tart",450.0
fried chicken sandwich,650.0
chicken tikka massala and cilantro lime rice,625.0
oatmeal scones,360.0
mackerel and kimchi stew,330.0
"vegetarian enchiladas, black beans, and cilantro lime rice",770.0
smoked pork shoulder,420.0
"air emirates bbq chicken dinner, with spinach, mashed potatoes, bean salsa, crackers, wisconsin white cheddar cheese, a plastic cup of water, and a triple chocolate delice",1070.0
smash burgers,500.0
brown butter chocolate chip pancakes,620.0
pineapple meringue cupcake,380.0
blt on sourdough,490.0
kani salad and homemade wonton chips w/ wasabi and toasted sesame seed dressing,460.0
"waffles, cream cheese, chorizo, egg",670.0
crab rangoon,500.0
fresh picked fuji apples,95.0
tenderloin on cast iron,460.0
fudge brownies,320.0
"t-bone/ king crab, purple potatoes, butternut squash and garlic parm green beans",800.0
eggs benedict,540.0
bruschetta tv snack,210.0
birthday meal with the family,400.0
fresh sashimi,140.0
pork carnitas,360.0
venison stew with bread dumplings and red cabbage,770.0
giant costoletta alla milanese in milano,1130.0
"fried rice with onion, chicken, mushroom, garlic and chorizooooooo",670.0
strawberries tiramisù,600.0
butternut squash soup with floating crostini topped with apples,470.0
tex-mex chili mac,850.0
a lettuce taco and bell pepper with cream cheese and bagel seasoning,190.0
philly cheesesteak and oven fries,1100.0
beef stew,400.0
cinnamon raisin bread,120.0
"potato hash, sausage,bacon and egg skillet",595.0
smoking a 17 lbs brisket for 4th of july weekend,520.0
eight types of pizza,2000.0
"ramen w/ pork belly, egg and tofu",930.0
a really cute hotpot,550.0
boba milk tea soft serve,320.0
handmade pasta feast for christmas eve dinner,400.0
fried snapper,290.0
"a fried chicken sandwich with sriracha aioli slaw, cheese, bacon and pickles",915.0
"brisket loaded dirty fries, harissa mayo, zesty lime and ginger slaw",1220.0
had the urge to bake some chala bread,200.0
everything bagels,300.0
guisado and rice,550.0
gotcha! pork roast (food wars,410.0
beer can piri-piri chicken,470.0
karaage and spicy sesame noodles,800.0
"lemon/lime zest and cashew encrusted ahi tuna, with coleslaw and fried onions. roast jalapeno and garlic aioli",880.0
grilled venison and veggies,360.0
"baked potato, confit duck leg, raspberry vinegar pancetta lardons with an apple wombok salad and jus",1030.0
pork pot sticker,480.0
gobble - lebanese chicken,320.0
"vine leaves stuffed with rice, mint, coriander, onion and tomato cooked in lemon broth for two hours",240.0
a burger bun,150.0
banana fosters cake,575.0
blueberry banana bread,230.0
"creamy scrambled eggs, smoked brisket and sourdough toast",790.0
shakshouka with crusty bread,520.0
a strawberry sundae,430.0
bacon cheddar scones,550.0
juicy roasted chicken,360.0
donut holes,240.0
i a plaited wreath with a rich filling of nuts an dark chocolat,920.0
tom kha gai,320.0
pasta salad,350.0
strawberry cake,360.0
beef wellington: hyrulian style,1050.0
surf and turf,550.0
steamed chicken with shaoxing wine + chicken broth simmered rice,430.0
grilled tuna jaw,300.0
chicken jalapeño panini with rosemary fries,950.0
crispy deep fried wonton with sweet chilli sauce,500.0
american burger 2 patties bacon cheese caramelized onions and bbq sauce,1020.0
detroit style pizza,650.0
pulled pork sliders with smoked mozzarella,570.0
chinese sausage and soy chicken,380.0
blueberry/rosemary galette with lemon ice cream,510.0
"coconut shrimp, cooked in air fryer",450.0
steamed pork and chive dumplings,650.0
ragu bolognese with hand cut pappardelle,650.0
cinnamon rolls,350.0
an unbalanced meal for dinner. pigs in a blanket and kraft mac n cheese,670.0
french beans and mangetout with hazelnuts and orange,240.0
my first attempt at cajun style shrimp and grits with italian sausage 🔥,652.0
prawn kapitan and chicken rice,820.0
soy sauce and honey salmon,460.0
"dutch baby. so easy - flour butter, eggs, milk and sugar. powdered sugar and fresh lemon juice as a syrup",640.0
meat and cheese board,650.0
eggs benedict with pulled pork,820.0
"seasoned salmon on wheat linguine topped with roasted wild cherry tomatoes, chopped basil, grated pecorino ramano cheese and a lemon cream sauce",820.0
tagliarini aglio e olio,560.0
"didn't get a great picture but..... made some pork belly kimchi rice bowls, with homemade kimchi",600.0
beef mountain,420.0
bacon explosion,800.0
uni and wagyu rolls,530.0
"beef short rib, root puree, serrano's",670.0
bacon and cheese rolls,600.0
"fried chicken with smoked mash, braised collard greens, honey spiced gravy at lucille’s",740.0
egg in a hole,250.0
pastrami sandwich on rye and pickles,340.0
walnut chocolate chip cookies,420.0
crispy smoky wings,600.0
french cakes,180.0
"beef, cumumber, carrot sushi",400.0
ribeye steak topped with chimichurri and elote,1060.0
rainbow vanilla macarons,300.0
smoked gouda and sharp cheddar baked mac and cheese,750.0
arminian hummus (pictured with feta cheese wedges,450.0
pizza and dirty fry friday baby,800.0
oatmeal scotchies,200.0
oysters rockefeller,340.0
"ricotta, parm and mozzarella ravioli with beef ragu",800.0
tacos birria con consommé,600.0
sprout and avocado burger,490.0
chicken spaghetti casserole,590.0
linguine with clams,500.0
festive cheese and pickle pastry,800.0
instant pot gochujang pork ribs (cheese sweet potato waffle fries were definitely not homemade,1020.0
"california style cheese burger, crispy potato wedges, and coleslaw",1140.0
scallop alfredo,670.0
hawaiian bbq chicken and chicken katsu with rice and macaroni salad,1000.0
"blacked salmon taco, mojo pork taco, and patagonia steak taco",960.0
ropa vieja con tostones,740.0
bacon and beef,370.0
butter chicken and aloo paratha,780.0
fried bbq and buffalo wings,840.0
cool video on portland's local soul food scene and fried chicken sandwich,600.0
"vegetables with saffron sauce, rice and salmon",630.0
bucatini alla carbonara di mare,800.0
tunisian style shakshuka (eggs in hell,420.0
sfogliatelle santa rosa (filled pastry with lemon custard and black cherries,430.0
"spicy korean chicken with corn, mozzarella, kimchi, rice cakes, and glass noodles",850.0
kimchi fried rice,470.0
"moules trapiste, with extra trapiste beer on the side",435.0
"seasoned, stuffed pork chops",420.0
smoked brisket sammie with pickled cabbage slaw on brioche buns,600.0
loaded breakfast burritos,900.0
peking duck and hot pot,800.0
oreo and chocolate waffle,580.0
"banana, peanut butter, cocoa, graham cracker smoothie bowl",312.0
"lazy oatmeal with dried cranberries, almonds, chocolate-covered raisins, peanutbutter chips, coconut flakes, normal raisins, chocolate chips, almond milk and two scoops of nutella",910.0
steak n potatoes,620.0
vanilla cake with orange frosting,420.0
almond crumb strawberry shortcake,400.0
this wee pie. with afternoon tea,350.0
"brisket sandwich, buttermilk slaw, smoked jalapeño mac and cheese, maple bread pudding",1350.0
"kali ribs, corn, tomatoes, smoked kimchee and grilled potato salad..cheeeehoooo",665.0
breakfast tacos,530.0
healthy breakfast after exercise and yoga,350.0
cheese and bacon omelette,450.0
butter naan,350.0
this sangwich is yuuuuge. it's the best sangwich ever made,1200.0
chilli chicken,450.0
fried scallops with pasta al aglio olio,480.0
"fried garlic, black olives, lettuce tomato, swiss and cheddar. with freshly sliced roast beef, turkey, and ham on french bread",975.0
chunky choc cookies,220.0
beef momos (tibetan-style dumplings,650.0
reindeer chocolate cupcakes,320.0
pasta al limone,430.0
5 year anniversary dinner for my partner and i,700.0
how to make bread,135.0
roasted chicken with chorizo and cardellini stuffing,650.0
gluten-free chicago style pizza,900.0
authentic mexican grilled fajita meat,450.0
"wontons filled with mince pork, chopped prawns and chopped dried shiitake mushrooms",460.0
penne alla vodka,480.0
za’atar grilled chicken thighs,450.0
chinese fuzhou fish ball (stuffed with minced meat) noodle soup. loh bak (fried meat and vegetable rolls wrapped in thin beancurd sheets) with sweet chilli dipping sauce,880.0
cheesy kimchi fried rice,560.0
a bouquet of a dozen candied bacon,750.0
"hi all, i am posting this to help my sis. she is unaware, she is a that recently started using social media to post her recipes. she is also a cancer survivor for those who are interested although she does not mention it. if you enjoy delicious recipes please supports het on instagram",0.0
red lentil and sweet potato curry,480.0
medium effort breakfast,570.0
picked some wild garlic today and made pesto,200.0
homemade steak with fresh oregano and grilled garlick. tomatoes glazed in honey and balzamiko vinigar aged for 5 years....im really aorry for bad quality getting a p30 soon so better pics,565.0
oysters on the solo stove,70.0
"penne with shrimp, spinach and freshly grated on parmesan",482.0
"pork belly on a bed of rice, topped with an egg",700.0
caesar salad with extra fresh anchovies made at ashford castle in ireland,336.0
smoked beef brisket “reuben” sandwich,744.0
"summer caprese with (some) garden tomatoes, white balsamic and avocado",360.0
sourdough bread,200.0
italian chicken and cacio e pepe,540.0
cake for our 3 year wedding anniversary,450.0
canadian bbq,650.0
ribeye with caesar salad on roasted cabbage,770.0
"grilled chicken and couscous bowl with confit heirloom tomatoes, fresh and cooked garlic, pickled red onions, and a tomato vinaigrette",650.0
cheese dakgalbi,820.0
mapo tofu as directed by /u/mthmchris,560.0
bbq platter,900.0
home-made mcdonald's big mac,560.0
roasted vegetable baked rigatoni,800.0
a ginger bear in his natural habitat,220.0
browned butter almond cake filled with mulberries and gooseberries,540.0
foraged morels,30.0
beef and broccoli fries,900.0
lemon meringue pie,400.0
osso bucco,700.0
detroit style pizza,700.0
toasted baguette with ricotta and honey,380.0
spicy oxtail beef noodle (bun bo hue,750.0
a salt and poppy bagel sandwich,300.0
50lb of pulled pork,60000.0
22 lb pastrami,24200.0
"buttermilk brined, chimichuri and orange juice marinated, and then cherry wood bbq whole chicken",2000.0
crispy lobster,450.0
veggie burger,420.0
"salmon with shrimp, tomatoes, spinach, and garlic parmesan sauce",660.0
salisbury steak,610.0
spare ribs,550.0
sev puri,420.0
hello food people. i do a lot of food reviews. am i able to post my video links in food,0.0
chicken kebabs,350.0
eton mess,380.0
pumpkin strudel,400.0
hainanese poached chicken @ malaysia,810.0
"pig shots - bacon wrapped kielbasa stuffed with jalapeno, cheddar, and cream cheese",820.0
holiday butter cookies,300.0
"grilled pork loin chop, roasted brussel sprouts and cinnamon apples",440.0
seared bluefin tuna,380.0
baked buffalo wings,700.0
baby back rubs cross section,550.0
chipotle garlic pork ribs,570.0
grilled ribeye with fixins,760.0
"strawberry swirl cheesecake, finished with chocolate ganache, strawberry whip, and chocolate covered strawberries",710.0
citrus pound cake,380.0
caprese salad,450.0
pepperoni and bacon personal pan pizzas,880.0
strawberry rhubarb pie with crumble top,320.0
vanilla icecream with hot fudge and cherries after an 8 mile walk,430.0
french toast with home fries,600.0
birthday cake for my 84 y/o grandmother,350.0
spicy kotteri ramen,850.0
i made jalapeno popper egg rolls,530.0
bloody shard cupcakes,360.0
pastrami crackers,200.0
egg in a blanket,190.0
crispy sriracha fried chicken,480.0
carbonara bucatini,800.0
"sweet potato tray bake with turkey bacon, muenster, and cheddar",500.0
taco salad,580.0
bagel and lox,410.0
chicken bruschetta sandwich with corn and bell peppers on side,680.0
"avocado toast with tomato, crushed red and black pepper and salt",210.0
mom's poundcake,480.0
roasted bone marrow w/ crispy pork belly tacos,760.0
sous vide sea bream on soba noodles and butternut squash puree,380.0
crispy pork belly stir fry with a plum soy sauce and brown rice,835.0
zucchini parmesan,120.0
1981 pure cordyceps herbal soup. learnt from mom. heals bronchitis fast. strengthen respiratory system too. economical path of protecting ourselves,30.0
deviled eggs,165.0
cajun pot pie,650.0
coq au vin - french's chicken braised with red wine (no mushroom,550.0
chicken ramen with green onion and bean sprouts,465.0
some bread. baked in a dog dish,320.0
sausage peppers onions,380.0
woodfire grilled wild caught king salmon,350.0
jack-o-lantern stuffed peppers,490.0
thick grilled cheese and tomato bisque,740.0
spatchcock cornish game hen and vegetables,900.0
lemon rosemary chicken,370.0
cured and applewood smoked maple bourbon bacon,150.0
"freaking calzone!! with ricotta and mozzarella cheeses, green bell pepper, jalapeños, chicken sausage, and mushrooms! then brushed with evoo, garlic, and parsley. 🤤",1125.0
tamales with green salsa,550.0
eggs sausage and hash on scallion buns,550.0
a maple bacon burger with blue cheese,680.0
chicken and broccoli on white rice,487.0
crispy orange beef with fried rice,1100.0
choux craquelin (cream puffs) filled with black chokeberry cream,480.0
strawberry shortcake,520.0
best curd balls ever,600.0
tacos villamelón,530.0
buffalo chicken dip,450.0
chewy peanut butter cookies,175.0
soft pretzels and cheese sauce,550.0
fried eggplants with pork,380.0
whole roasted masala chicken. side of garlic black pepper spinach and fried green beans with mustard seeds and ginger,830.0
pulled chicken taco,250.0
wicked sandwich,550.0
bearclaw french toast,600.0
pineapple fried rice for 2,520.0
"assorted mini cheesecakes (chocolate, salted caramel, matcha, strawberry",780.0
lemon pistachio old fashioned doughnut,400.0
mutton kosha,670.0
chocolate space cake,420.0
cinnamon roll(s,400.0
"chocolate spitiko with chocolate almond twille, chocolate ganache and orange sorbet",735.0
cilantro hot water corn dodgers inspired by true grit,435.0
bananawaffles with yoghurt- and honey topping,700.0
"baked buffalo chicken mac and cheese with smoked, bacon,, sun dried tomatoes, and crostini",1110.0
"salad with pork loin steak, avocado and pear",455.0
"barbacoa tacos, fresh salsa, garlic queso fresco, crème fraîche",550.0
raspberry and honey pannacotta,360.0
french toast,540.0
chocolate banana cake,380.0
"pizza is a christmas food, right",800.0
four cheese lasagna,560.0
fried rice topped with garlic fried eggs,650.0
barbecue spare ribs,700.0
vegetable ramen noodle soup,400.0
beef heart,180.0
franklin barbecue style platter. link to how it was made in comments,950.0
a fresh biga loaf,1100.0
korean fried chicken,700.0
cinnamon candied apples.... i used snow sweet apples. they have sweet tangy flavor with a crisp white flesh,200.0
japanese beef gyudon with rice and egg,735.0
"chickpeas, spinachs and sweet potato with tahine",490.0
steamed bao,180.0
smoked pulled pork hash,600.0
pork xiumai,300.0
turkey sandwich. garden grown tomatoes and pickles,280.0
ahi tuna poke bowl,480.0
"grilled t-bone with asparagus, stuffed mushrooms and horseradish sauce and good mustard",870.0
quinoa lentil upma with roasted veggies,560.0
"french toast biscuit sandwich with sausage patty, apple butter, fried egg and smothered in syrup",1000.0
chocolate chip cookies,320.0
triple chocolate cheesecake,600.0
tx bbq,450.0
chocolate drizzled strawberries. these were all devoured before i even posted them,120.0
chili with hatch green chilis,420.0
"okonomiyaki in kagurazaka, tokyo",700.0
speculoos kinder bueno cake,800.0
peanut butter and banana smoothie bowl,395.0
rustic berry galette,320.0
fettuccine noodles,220.0
afghan style lamb,400.0
buffalo chicken sandwich on homemade brioche buns,670.0
"burgers, sundays lunch",620.0
wine braised short ribs topped with crispy bacon and mushrooms. with mashed potatoes of course,1020.0
"gemeli pasta with sun dried tomato pesto, spinach, green onions and feta cheese! yum",470.0
poke tacos,450.0
masala butter dosa,500.0
"pan fried potato gnocchi filled with cheese and red pesto, in a sun dried tomatoes sauce, with fresh mozzarella and fried basil",900.0
"now thats a smash burger, folks. onion rings, american cheese, pickles, mayo, mustard, two 3oz patties",1100.0
a bowl of fresh sun-kissed raspberries,64.0
healthy oatmeal muffins,160.0
"garlic parmesan mashed potatoes, roll, mini meatloaves",910.0
chicken paprikash with nokedli,720.0
teriyaki chicken. making the sauce taste less salty,350.0
mini churros,320.0
tri tip tacos with homemade salsa on the menu tonight,700.0
"kimchi jjigae, perilla leaf kimchi and some banchans",530.0
reverse-seared rump sandwich steak,640.0
50/50 bacon beef juicy lucy with homemade shake shack sauce and pickled cherry peppers,1040.0
"steak, potatoes and asparagus",650.0
twice baked cheddar garlic potato,580.0
my own wedding cake,450.0
pineapple-curry fried rice,490.0
deep dish pizza,1200.0
sourdough pain au chocolat,360.0
i present sandvich,433.0
sautéd salmon,470.0
tripe quesadilla with guacamole,660.0
carnitas cheese fries,1000.0
"steak dinner for my birthday, by me",820.0
chicken parmesan,650.0
vegetable beef soup,420.0
oreo's alfajor with dulce de leche,170.0
korean bbq,480.0
chocolate cake balls covered in dark chocolate and homemade toffee,780.0
fettuccini alfredo with seared shrimp and mozzarella sticks,920.0
peach crumb cake,420.0
