total_calories,meal_title
239.029999,scrambled eggs and berries
94.99057,"quinoa, olive oil and green beans"
137.089996,"ham, olives and berries"
183.860001,"bacon, honeydew melons and cantaloupe"
166.112,"cod, corn and mixed greens"
435.626282,"chicken, roasted potatoes, olive oil and carrot"
757.612976,"almonds, corn on the cob and apple"
125.182129,quinoa and olive oil
315.340027,"nuts, white rice and broccoli"
161.386429,"olive oil, olives, spinach (raw) and sun dried tomatoes"
178.178009,yam and berries
496.129456,"salmon, avocado and beef"
89.679993,"potatoes, cantaloupe and broccoli"
363.61377,"beef, cheese pizza, olive oil, cauliflower and caesar salad"
164.49585,"cheese pizza, caesar salad and vinaigrette"
743.76001,"chicken, olive oil and artichokes"
462.057007,"bacon, scrambled eggs and yam"
334.483002,almonds and mandarin oranges
440.577881,"pork, olive oil and bulgur"
364.52002,"scrambled eggs, bagels, cream cheese and strawberries"
368.540344,steak and olive oil
652.463989,"biscuits, scrambled eggs, bacon and yam"
179.618988,"apple, corn on the cob, cantaloupe, carrot and cauliflower"
876.201843,"salmon, chicken, chicken salad and olive oil"
184.905411,white rice and carrot
74.852959,"vinaigrette, olive oil, feta cheese, lettuce and arugula"
153.690002,"pears, mandarin oranges and broccoli"
352.315979,chicken breast and tuna
265.983459,"chicken, olive oil, broccoli and chickpeas"
98.951996,yogurt
47.599998,broccoli and mixed greens
59.400002,"caesar salad, broccoli, squash and zucchini"
401.049988,chicken and olives
497.861359,"quinoa, pork, couscous and caesar salad"
688.649963,bacon and chicken apple sausage
42.389999,caesar salad and broccoli
100.300003,"watermelon, berries, pineapple, cantaloupe and raspberries"
115.954453,"chicken, kimchi and olive oil"
120.505836,"pork, brussels sprouts and olive oil"
718.51178,"chicken, carrot, cream, cauliflower and olive oil"
211.455994,"turkey bacon, honeydew melons and cantaloupe"
951.910889,"pizza, fish, olive oil and wheat berry"
132.87999,olives and carrot
399.430664,"salmon, olive oil, tofu, brussels sprouts and bulgur"
374.663696,"pork, parsnips, sugar and white rice"
150.470001,"chicken apple sausage, egg whites and grapes"
224.982895,bacon and brussels sprouts
178.039185,"roasted potatoes, olive oil, cauliflower, arugula and walnuts"
431.21994,almonds and pears
102.699997,white rice
514.643005,"pork, couscous and brussels sprouts"
395.013611,"pizza, fish, roasted potatoes, parsnips and olive oil"
47.158001,yam
797.566895,"salmon, beef, pasta and brown rice"
55.800003,lettuce and broccoli
372.326599,"roasted potatoes, chicken, olive oil, fish and green beans"
263.218994,"almonds, tomatoes and cauliflower"
493.637207,"beef, chicken, olive oil and roasted potatoes"
166.455505,"corn on the cob, tofu and olive oil"
494.065491,"scrambled eggs, bacon and granola"
244.80722,"brown rice, olive oil, goat cheese and mixed greens"
273.204987,"eggs, sweet potato, cantaloupe and cauliflower"
396.804047,"beef, wheat berry and olive oil"
377.425903,"beef, fried rice and cauliflower"
204.369385,"avocado, olive oil, cauliflower and mixed greens"
945.670715,"chicken thighs, cheese, salmon, tortilla and caesar salad"
181.779984,"white rice, berries and kiwi"
404.011017,"pork, sugar, carrot and white rice"
154.23642,"cheese pizza, tofu and olive oil"
560.774963,"pork, rice noodles, sugar, carrot and olive oil"
258.315979,steak and roasted potatoes
138.809998,"oatmeal, potatoes and brussels sprouts"
319.388367,"chia seeds, sweet potato, egg whites, greek yogurt and milk"
158.333496,cheese pizza and carrot
406.307678,"beef, roasted potatoes and carrot"
131.283218,"olive oil, figs and green beans"
59.639149,"cauliflower, squash and olive oil"
1009.176697,"vegetable oil, chicken, bacon, olive oil and flour"
360.958008,"sausage, pineapple and orange"
252.435623,"olive oil, fish, wheat berry and arugula"
165.200012,bacon and potatoes
155.161987,"berries, turkey bacon and pineapple"
256.980011,"scrambled eggs, sweet potato and brussels sprouts"
338.354706,cheese pizza and olive oil
108.80024,"broccoli, olive oil, chayote squash and zucchini"
92.190002,"fish, tomatoes and carrot"
432.95401,almonds and grapes
419.438782,"pork, olive oil, sugar and mixed greens"
90.68,white rice and pineapple
351.405518,"egg whites, sweet potato, olive oil and carrot"
87.146004,"bread, mushroom and cucumbers"
610.869019,"chicken, parmesan cheese, avocado and olives"
263.003998,toast
138.800003,"white rice, bean(seed) and lemon"
282.580017,"almonds, corn on the cob and cantaloupe"
498.018677,"steak, wheat berry, fish, olive oil and ketchup"
452.669983,"chicken, olives, bell peppers and carrot"
220.901733,"pork, olive oil, sunflower seeds and carrot"
493.299072,"cheese pizza, chicken, olive oil, beef and pineapple"
541.200073,"beef, olive oil, pasta and figs"
406.397736,"beef, chicken, olives and olive oil"
565.005005,"steak, chicken, roasted potatoes and olive oil"
307.117004,almonds and orange
261.856628,"fish, olive oil, green beans, bok choy and corn"
172.449982,white rice and broccoli
471.643555,"bagels, sweet potato, chia seeds, egg whites and cream cheese"
242.477127,"pineapple, cottage cheese, sweet potato, egg whites and brussels sprouts"
618.472046,sausage and nuts
370.755463,"ground turkey, cheese pizza and olive oil"
302.860138,"salmon, olive oil and honeydew melons"
178.982971,"fish, olives, olive oil and white beans"
339.673645,"egg whites, sweet potato, cantaloupe, salsa and olive oil"
246.940002,"bacon, potatoes and honeydew melons"
488.636322,"fried rice, chicken, olive oil and millet"
378.53714,"beef, olive oil and tofu"
375.109985,"almonds, corn on the cob and carrot"
48.920002,avocado and mixed greens
260.149994,"bacon, deprecated, potatoes and grapes"
315.988464,"olive oil, pizza, corn on the cob, bulgur and eggplant"
208.233475,"olive oil, avocado and bulgur"
782.096008,"asparagus, white rice and oatmeal"
369.364288,"beef, chicken and olives"
549.02002,"nuts, beef and potatoes"
481.169434,"salmon, avocado and beef"
108.939995,"cheese, avocado and tomatoes"
451.635986,"eggs, chicken apple sausage, yam and berries"
209.595428,beef and cauliflower
173.690002,"shrimp, oatmeal and bean(seed)"
193.459991,"chicken apple sausage, grapes and roasted potatoes"
183.955994,"sausage, potatoes and berries"
837.147766,"scrambled eggs, turkey bacon and olive oil"
766.626526,"chicken thighs, cheese and tortilla"
135.804001,scrambled eggs and avocado
96.049995,"banana, cantaloupe and broccoli"
263.870972,"scrambled eggs, yam, broccoli and olive oil"
792.680847,"cheese pizza, beef, fried rice, chicken and olive oil"
150.23053,"roasted potatoes, olive oil, eggplant and mixed greens"
73.879166,"chicken, olive oil and mixed greens"
751.541992,almonds and apple
39.360001,carrot
286.933777,"olive oil, fish, cauliflower, squash and lentils"
284.690002,"scrambled eggs, roasted potatoes, bacon and cheese"
66.25,"tofu, orange and kiwi"
510.544769,"hash browns, olive oil and bacon"
96.681755,"kale, green beans, olive oil and chard"
473.953308,"chicken, roasted potatoes, olive oil and broccoli"
78.457687,"olive oil, eggplant, arugula and walnuts"
365.517456,"pork, chicken breast and parmesan cheese"
319.490448,"beef, caesar salad and cauliflower"
511.396118,"egg whites, yam, olive oil, sweet potato and salsa"
265.855438,"chicken, olive oil and mushroom"
73.872749,"caesar salad, green beans and olive oil"
571.183777,"salmon, olive oil and brown rice"
219.529907,"roasted potatoes, chicken and cauliflower"
197.705719,"olive oil, egg whites, berries and broccoli"
349.389069,"steak, olive oil and figs"
460.055023,"chicken, feta cheese and broccoli"
555.932739,"pork, olive oil, fish and honeydew melons"
379.96991,pepperoni pizza and chicken breast
92.75,"olives, ham and orange"
319.237152,"pizza, fish, olive oil and quinoa"
127.970001,"olives, carrot and cherry tomatoes"
41.33675,green beans and olive oil
67.643532,"cantaloupe, caesar salad and eggplant"
501.884644,"egg whites, scrambled eggs, sweet potato, grapes and watermelon"
113.057968,olive oil and mixed greens
226.869995,"noodles, apple and broccoli"
457.711121,"beef, fish, olive oil, lentils and vinaigrette"
213.164108,"chicken, roasted potatoes, white rice and olive oil"
556.263916,"biscuits, bacon, yam and olive oil"
237.639999,"berries, grapes and pineapple"
436.337067,"egg whites, sweet potato, cantaloupe, salsa and pineapple"
282.477234,quinoa and cauliflower
200.949997,"pepperoni pizza, caesar salad and broccoli"
379.179016,"chicken, roasted potatoes and olive oil"
458.716125,"egg whites, yam, olive oil, sweet potato and watermelon"
612.990295,"tuna, salmon, olives and carrot"
44.459999,berries
813.452026,"beef, pizza and olive oil"
289.369995,bacon and berries
139.720078,tofu and olive oil
65.269997,"olives, carrot and onions"
605.507202,"tempeh, olive oil and chickpeas"
372.167999,sausage
451.235687,"chicken, roasted potatoes and olive oil"
260.979767,"olive oil, tofu, fish, carrot and arugula"
203.869995,pizza and berries
476.337524,"salmon, wheat berry, olive oil and brown rice"
309.145813,"bacon, granola, vinaigrette and mixed greens"
148.089218,chicken and cream
341.852448,"ground turkey, corn on the cob, kale and parmesan cheese"
421.617584,"bacon, egg whites, granola and vinaigrette"
229.416016,bread and noodles
401.215424,"chicken, roasted potatoes and olive oil"
330.734009,almonds and apple
76.090004,"ham, orange and broccoli"
525.973816,quinoa and white rice
447.893616,"pepperoni pizza, chicken breast and olive oil"
142.449997,"ham, tofu and broccoli"
205.212921,"olive oil, quinoa, arugula and pecans"
137.238892,"pork, cantaloupe, caesar salad, olive oil and eggplant"
184.990005,"chicken, avocado, mixed greens and onions"
36.279591,"turnips, broccoli, olive oil, squash and zucchini"
179.563156,"chicken, olive oil and bok choy"
276.119995,scrambled eggs and sweet potato
146.875183,"olive oil, pumpkin seeds, arugula and mixed greens"
309.269989,"scrambled eggs, yam, olive oil, sweet potato and egg whites"
112.960785,"olive oil, brussels sprouts and bulgur"
427.712158,"chicken, carrot, olives and onions"
97.089996,sweet potato and berries
860.101868,"salmon, chicken, chicken salad and olive oil"
132.178085,"quinoa, olive oil and brown rice"
252.613922,"olive oil, wheat berry and green beans"
699.320068,"sausage, almonds and grapes"
51.465488,"carrot, eggplant and olive oil"
303.099365,"steak, couscous and caesar salad"
249.85202,"parmesan cheese, avocado and mixed greens"
351.583435,"wild rice, fish, olive oil, broccoli and corn"
211.92131,"pork, white rice and olive oil"
462.933777,"pork, fish, honeydew melons, olive oil and country rice"
576.704529,"tuna, salmon, olives and carrot"
357.152008,cheese pizza and tofu
670.170288,steak and chicken
307.944977,cheese pizza and olives
248.566406,"tofu, greek salad and olive oil"
354.399445,"avocado, chicken, olive oil and millet"
427.435638,chicken and olive oil
540.820007,steak and mixed greens
83.673561,"olive oil, figs, brussels sprouts and mustard greens"
294.47345,steak and wheat berry
514.112061,"olive oil, fish, corn on the cob, wheat berry and arugula"
1003.948853,"chicken, beef, olive oil and tofu"
89.376663,"fish, olive oil, white rice and ketchup"
460.579987,chicken and avocado
207.429993,"chicken, broccoli and spinach (raw)"
297.779602,"fish, olive oil and white beans"
48.244003,olive oil and mixed greens
787.709961,chicken and avocado
182.258301,"chicken, vinaigrette and olive oil"
757.505066,"steak, cookies, chicken, roasted potatoes and cauliflower"
326.32962,"cheese pizza, chicken, beef and roasted potatoes"
291.309021,"waffles, tofu and egg whites"
190.309982,"apple, white rice, carrot and cantaloupe"
304.366852,"cheese pizza, chicken, country rice and olive oil"
130.839996,chicken salad and olives
467.054993,"waffles, sausage, tofu and egg whites"
498.620026,grilled chicken and carrot
222.530014,wild rice
470.086212,"pepperoni pizza, roasted potatoes, tofu, rice noodles and caesar salad"
195.761993,brownies
254.657333,"fish, olive oil, caesar salad, tomatoes and quinoa"
376.976868,"chicken apple sausage, yam, egg whites, chia seeds and sweet potato"
237.364014,"pears, berries and orange"
33.345001,chayote squash and zucchini
1006.917969,"olive oil, chicken, parmesan cheese, olives and avocado"
285.042999,"chicken, pork and olive oil"
123.492508,"olive oil, broccoli and spinach (raw)"
215.884918,"olive oil, carrot, almonds and spinach (raw)"
612.350098,"pork, brown rice and olive oil"
95.150002,"tortilla, apple and cauliflower"
97.769997,"olives, lemon and berries"
346.454468,"bulgur, olive oil, carrot and broccoli"
333.850006,nuts
121.679504,"bacon, sweet potato and olive oil"
348.752014,"parmesan cheese, olives, avocado and mixed greens"
455.727905,steak and couscous
352.529205,"quinoa, beef, olive oil, kale and green beans"
103.320847,"olive oil, honeydew melons and pumpkin seeds"
288.27002,"bread, avocado and tomatoes"
379.824005,"sausage, roasted potatoes and berries"
379.380005,"chicken, olives, mixed greens and broccoli"
285.56543,chicken thighs and broccoli
506.603485,"pork, white rice, corn on the cob, fish and olive oil"
495.720032,chicken apple sausage and scrambled eggs
148.115723,"olive oil, egg whites and broccoli"
119.099396,"olive oil, rice noodles and spinach (raw)"
80.220001,bacon and cantaloupe
656.551575,"corn on the cob, pork, cheese pizza, tofu and caesar salad"
377.262177,"salmon, olive oil, broccoli, brown rice and brussels sprouts"
486.296082,"chickpeas, pizza, olive oil and corn on the cob"
398.496124,"berries, sweet potato, grapes, chia seeds and egg whites"
242.804001,"bread, fish and apple"
119.220253,"vinaigrette, cauliflower, eggplant, feta cheese and olive oil"
273.112488,"sausage, granola and vinaigrette"
302.318085,"pepperoni pizza, chicken breast and pork"
510.889587,"cheese pizza, chicken breast and quinoa"
409.334595,"waffles, olive oil, berries and chicken apple sausage"
161.021606,olive oil and berries
327.17804,"sausage, bacon and potatoes"
408.25,"egg whites, yam, olive oil, sweet potato and watermelon"
275.840027,olive oil
443.862976,"corn on the cob, cheese pizza, chicken, olive oil and caesar salad"
235.531006,egg whites and turkey bacon
444.769989,"bacon, scrambled eggs, berries and quinoa"
474.136047,grilled chicken and olives
213.670166,"yam, egg whites, sweet potato, broccoli and olive oil"
386.348969,"chickpeas, pizza and corn on the cob"
454.508362,"berries, chia seeds, sweet potato, egg whites and grapes"
122.332001,"tofu, white rice and asparagus"
50.669998,caesar salad and green beans
88.059998,"tofu, tomatoes and cauliflower"
177.980042,cheese pizza and olive oil
44.25,caesar salad and wheat berry
394.725677,"pork, white rice, sugar and broccoli"
194.226822,"olive oil, arugula and pecans"
587.794006,"scrambled eggs, sausage, bagels, cream cheese and berries"
258.003418,"chicken, beef, pasta, pesto and wheat berry"
245.445801,"pork, chicken breast and white rice"
77.445999,"olives, pineapple and asparagus"
76.748177,"olives, carrot, cherry tomatoes and olive oil"
124.089249,"olive oil, arugula and walnuts"
222.778,"apple, grapes, almonds, carrot and cherry tomatoes"
386.223419,"egg whites, sweet potato, watermelon and olive oil"
397.818726,"roasted potatoes, pizza, caesar salad and rice noodles"
92.725296,potatoes and olive oil
120.058434,"roasted potatoes, cauliflower and eggplant"
438.74292,"pork, olive oil and pineapple"
162.078995,"cheese pizza, pineapple and brussels sprouts"
464.855835,"egg whites, sweet potato, berries, pineapple and cantaloupe"
237.524826,"roasted potatoes, berries, granola and honeydew melons"
490.421692,"egg whites, sweet potato, salsa and olive oil"
1032.31189,"chicken, beef, olive oil and tofu"
93.830536,"olive oil, eggplant and mixed greens"
79.195488,"granola, brussels sprouts, vinaigrette and mixed greens"
564.917969,"chicken, parmesan cheese, olives and avocado"
290.976196,"cheese pizza, beef, parmesan cheese and olives"
362.740021,"tuna, bell peppers, onions and carrot"
94.288544,"olive oil, figs, squash and mustard greens"
214.63649,"cheese pizza, carrot and broccoli"
209.545135,"pork, olive oil and brussels sprouts"
60.040001,sweet potato
39.540001,pineapple and honeydew melons
142.754013,yam and watermelon
321.482025,"chicken thighs, cheese, tortilla and olive oil"
294.427002,"almonds, apple and grapes"
290.70047,quinoa and caesar salad
370.827026,"wild rice, olive oil and chickpeas"
265.662659,"fish, caesar salad, country rice and olive oil"
109.360001,"ham, tortilla and carrot"
552.648376,"fish, olive oil and quinoa"
150.530945,"rice noodles, carrot and olive oil"
317.886017,sausage and olives
192.444122,"olive oil, broccoli and spinach (raw)"
306.229919,"pork, tofu, olive oil and brussels sprouts"
359.240814,"scrambled eggs, olive oil, sausage, potatoes and pineapple"
32.459999,bacon
355.292206,"chicken thighs, fish, olive oil and white beans"
286.210022,"scrambled eggs, berries, pineapple and watermelon"
217.152008,grilled chicken
180.846405,"olive oil, goat cheese, cauliflower, mixed greens and olives"
460.083038,"almonds, pears and mandarin oranges"
410.209686,"pork, pepperoni pizza and olives"
94.309998,potatoes and mandarin oranges
240.542908,"cheese pizza, roasted potatoes, tofu and olive oil"
102.825645,"cauliflower, olive oil, bulgur, chickpeas and kale"
428.194458,chicken thighs and olive oil
214.593262,"olive oil, quinoa, goat cheese, cauliflower and mixed greens"
304.841003,"almonds, apple and cantaloupe"
237.369995,"banana, berries and pineapple"
331.581451,"egg whites, sweet potato, honeydew melons and olive oil"
151.919998,scrambled eggs and cantaloupe
338.179993,"scrambled eggs, bacon, raspberries and cantaloupe"
575.185059,"beef, olive oil, cheese pizza and rice noodles"
576.629456,"brown rice, ground turkey, fish and olive oil"
302.886444,"white rice, chicken thighs, olive oil and brussels sprouts"
668.084106,pizza and beef
937.789368,"sausage, scrambled eggs, bacon and potatoes"
141.419998,"ham, olives and kiwi"
918.175781,"chicken thighs, cheese, salmon, tortilla and caesar salad"
529.817993,"grilled chicken, carrot and onions"
351.886047,"cottage cheese, yam, pineapple, olive oil and watermelon"
107.18,"potatoes, mandarin oranges and strawberries"
213.343475,"chicken, cheese pizza and carrot"
176.712036,"olive oil, quinoa, fish and white beans"
36.209755,broccoli and olive oil
385.333984,"turkey bacon, berries, roasted potatoes and pineapple"
251.04599,"pears, berries, orange and cauliflower"
111.269997,"grapes, mandarin oranges, strawberries and broccoli"
354.945831,"cheese pizza, roasted potatoes, chicken thighs and cauliflower"
68.089996,"banana, tomatoes and apple"
98.208679,"yam, olive oil and sweet potato"
297.929993,"chicken, black beans and mixed greens"
256.551605,"cheese pizza, pineapple, squash, brussels sprouts and olive oil"
88.080002,"olives, carrot, onions and cherry tomatoes"
303.422241,"chicken, olive oil and millet"
255.804886,"berries, sweet potato, egg whites, bacon and olive oil"
95.114838,"berries, granola, honeydew melons, vinaigrette and mixed greens"
69.870003,"ham, carrot and asparagus"
54.444004,"olive oil, green beans and mixed greens"
451.795471,"egg whites, sweet potato, watermelon, grapes and olive oil"
374.775665,"pork, white rice and sugar"
1013.337036,"almonds, sausage and deprecated"
530.551025,almonds and apple
202.445465,"chicken thighs, white rice and caesar salad"
200.725418,"cheese pizza, kale, parmesan cheese and broccoli"
419.475006,biscuits
351.181,almonds and grapes
389.264343,pizza
281.123993,"chicken, parmesan cheese and broccoli"
340.127991,chicken breast and cauliflower
459.643372,tuna salad and squash
202.928879,"scrambled eggs, granola, watermelon, vinaigrette and berries"
685.993896,"chicken thighs, olive oil and chickpeas"
156.962936,"olive oil, squash, arugula, walnuts and kale"
290.28244,"roasted potatoes, olive oil, green beans and mushroom"
760.161926,"cheese pizza, pork and sugar"
378.817108,"salmon, wheat berry, olive oil, brown rice and kale"
312.955017,"almonds, pears, mandarin oranges and strawberries"
595.140015,"chicken breast, cheese pizza and tuna"
343.977386,"scrambled eggs, bacon, chia seeds, greek yogurt and milk"
333.214539,"scrambled eggs, olive oil and strawberries"
209.382294,"chia seeds, egg whites, greek yogurt, milk and strawberries"
191.530792,"chia seeds, greek yogurt, milk, broccoli and olive oil"
600.540405,"bacon, steak, fish and olive oil"
32.936092,carrot and olive oil
271.540009,"almonds, apple, white rice and grapes"
100.539993,apple and cauliflower
231.529999,beef and orange
286.894592,"olive oil, chickpeas and broccoli"
177.003006,frozen yogurt and ice cream cones
124.290001,"tortilla, orange and cauliflower"
1119.280029,"steak, chicken and olive oil"
246.007996,"chicken breast, broccoli and squash"
113.751038,"olive oil, mixed greens and pears"
205.649994,"chicken, avocado and cantaloupe"
55.385956,"olive oil, kale, quinoa and pumpkin seeds"
246.919983,"bagels, egg whites and cream cheese"
493.720886,"cheese pizza, tofu and olive oil"
66.979996,kale and chard
121.741409,"olive oil, chickpeas, bok choy and arugula"
277.639526,"scrambled eggs, strawberries, yam, olive oil and sweet potato"
57.5,"cauliflower, onions and bell peppers"
578.963989,sausage and scrambled eggs
303.507507,"olive oil, chia seeds, greek yogurt, milk and berries"
98.230621,"broccoli, granola, olive oil, vinaigrette and mixed greens"
319.870972,"scrambled eggs, yam, chicken apple sausage and broccoli"
348.378113,"pepperoni pizza, chicken breast, pork, brown rice and broccoli"
386.134003,sausage and deprecated
93.029999,"pineapple, honeydew melons and cauliflower"
223.330002,tortilla and brussels sprouts
392.362,"sausage, roasted potatoes, berries and pineapple"
394.440033,"fish, olive oil, corn and sour cream"
233.935638,"chicken thighs, wheat berry and caesar salad"
521.433044,"almonds, pears and grapes"
326.780029,"beef, bell peppers and millet"
201.759506,"bacon, berries, sweet potato, pineapple and olive oil"
239.190002,"white rice, potatoes, grapes and cherry tomatoes"
537.113037,"pizza, cookies and cheese pizza"
295.559052,scrambled eggs and broccoli
415.627411,"cheese pizza, chicken thighs and fish"
112.340004,roasted potatoes and broccoli
307.28656,pork and white rice
151.149994,apple and brussels sprouts
405.703369,"wild rice, fish, caesar salad, olive oil and broccoli"
368.698364,"pork, quinoa, chicken breast, olive oil and green beans"
256.89563,pepperoni pizza and cauliflower
452.163513,"berries, cantaloupe, broccoli, sweet potato and granola"
768.554016,"olive oil, chicken, olives, parmesan cheese and black beans"
646.768066,"scrambled eggs, hash browns, olive oil and bacon"
183.169998,"scrambled eggs, bacon and cheese"
816.792053,almonds
239.656799,"chicken thighs, fish, olive oil, squash and cherry tomatoes"
73.0,"berries, pineapple, cantaloupe and raspberries"
162.687851,"olive oil, squash, arugula and walnuts"
113.130577,"fish, fried rice, country rice, caesar salad and olive oil"
295.369995,"scrambled eggs, sweet potato and broccoli"
591.265503,"salmon, avocado, beef and quinoa"
100.489189,"olive oil, cauliflower, arugula and walnuts"
298.76355,"scrambled eggs, roasted potatoes, granola, berries and cantaloupe"
84.283714,"fish, olive oil, squash and quinoa"
202.649231,"salmon, olive oil, figs, brussels sprouts and broccoli"
145.399994,"white rice, orange and brussels sprouts"
161.540009,cottage cheese and cantaloupe
468.202423,"steak, chicken thighs and olive oil"
444.121399,"quinoa, pork and caesar salad"
211.542679,"fish, country rice and olive oil"
295.537689,avocado and beef
98.382996,cheese pizza
124.815498,corn on the cob and olive oil
312.910004,"chicken, beef and brussels sprouts"
494.579987,"chicken, avocado, olives, mixed greens and broccoli"
348.57666,"beef, olive oil and broccoli"
548.655457,pork and fried rice
518.801147,"pizza, olive oil, fish, roasted potatoes and parsnips"
261.028381,"pepperoni pizza, olive oil, pineapple and cauliflower"
490.052887,"egg whites, yam, olive oil, sweet potato and cantaloupe"
467.613037,almonds and pears
229.589996,"bacon, cantaloupe and broccoli"
165.182281,"chia seeds, greek yogurt, milk, strawberries and watermelon"
417.129517,"quinoa, pork and brussels sprouts"
77.979889,"olive oil, green beans and eggplant"
368.292206,"chicken thighs, fish, olive oil and white beans"
436.946686,"eggs, bacon and olive oil"
118.43,"oatmeal, lemon and cauliflower"
127.808182,"carrot, olives, onions and cherry tomatoes"
566.311646,"roast chicken, steak and tatsoi"
286.809998,scrambled eggs and fruit salad
176.15863,"broccoli, olive oil, fish and brussels sprouts"
345.125885,"salmon, olive oil and brown rice"
183.389359,"quinoa, vinaigrette, cauliflower, olive oil and feta cheese"
747.747803,"cheese pizza, beef, fried rice, chicken and olive oil"
403.862,"ground turkey, corn on the cob, olive oil, kale and fish"
142.740997,roasted potatoes and turnips
324.142426,"chicken, cauliflower, olive oil, eggplant and squash"
268.266998,olive oil and chickpeas
124.32,brown rice
148.050003,"chicken, bell peppers and cauliflower"
445.577026,"cheese pizza, steak and chicken"
234.494431,"egg whites, chia seeds, blueberries, greek yogurt and milk"
236.347488,"fish, wild rice, olive oil and wheat berry"
267.213989,"olive oil, chickpeas and broccoli"
323.704224,cheese pizza and caesar salad
184.735962,"pepperoni pizza, broccoli and squash"
96.990005,wheat berry and caesar salad
755.432922,beef and pizza
279.550995,"yam, bacon and cantaloupe"
502.878784,"egg whites, sweet potato, olive oil and grapes"
248.286987,"grapes, apple and corn on the cob"
418.75946,"bacon, sausage, pineapple and sweet potato"
478.808777,"egg whites, sweet potato, olive oil and grapes"
582.809204,"chicken apple sausage, scrambled eggs and granola"
475.959991,hash browns
138.210007,"fish, avocado and potatoes"
280.3414,"couscous, fish, olive oil and corn"
421.686005,grilled chicken and mixed greens
161.449524,chicken thighs and brown rice
82.274002,bread
144.182281,"chia seeds, greek yogurt, milk and strawberries"
477.465118,chicken and olive oil
902.200012,"olive oil, chicken and goat cheese"
397.568329,steak and olive oil
500.218018,grilled chicken and carrot
149.649994,"apple, carrot, cauliflower and cherry tomatoes"
410.311737,"steak, carrot and wheat berry"
421.239746,"salmon, olive oil, tofu, kale and parmesan cheese"
334.460022,"scrambled eggs, bagels and cream cheese"
208.928787,"sweet potato, olive oil, grapes and watermelon"
125.135506,"bacon, yam and sweet potato"
297.979553,"chicken thighs, cheese and tortilla"
41.539997,bok choy and mushroom
537.809998,"scrambled eggs, roasted potatoes, bacon and pineapple"
234.040009,cottage cheese and berries
88.626671,"chicken, olive oil and carrot"
546.484497,"vegetable oil, chicken and flour"
95.610138,tofu and brussels sprouts
411.388397,"salmon, chicken, tomatoes, olive oil and kimchi"
62.19532,"granola, honeydew melons, cantaloupe, vinaigrette and mixed greens"
581.441956,"almonds, apple, brussels sprouts and carrot"
270.802002,"sausage, olives and orange"
357.932007,sausage and olives
64.405495,"white rice, chicken thighs and olive oil"
61.502373,"olive oil, caesar salad, arugula and walnuts"
361.765411,"ground turkey, cheese pizza and olive oil"
395.225983,"scrambled eggs, sausage and strawberries"
496.617004,"bacon, scrambled eggs, yam and honeydew melons"
274.335999,almonds and potatoes
170.290009,"ham, fish and brussels sprouts"
35.720001,onions and cherry tomatoes
77.586021,wheat berry and olive oil
84.419998,cheese
425.690033,"nuts, tofu and tomatoes"
106.782997,"yam, eggs, raspberries, strawberries and blackberries"
196.809998,"chicken, shrimp and cantaloupe"
185.180023,cheese pizza and olive oil
202.676971,tofu and olive oil
383.055969,"almonds, white rice and grapes"
263.402344,bacon and olive oil
115.349998,"tortilla, olives and broccoli"
821.510193,"pork, olive oil, chickpeas, corn on the cob and chicken"
316.725983,"chicken, couscous and caesar salad"
614.015503,"beef, roasted potatoes and cauliflower"
180.514832,beef and roasted potatoes
373.190979,"fish, olive oil, country rice and bulgur"
93.400002,"artichokes, lettuce and broccoli"
116.16552,wheat berry and olive oil
49.550003,olives and bell peppers
158.569992,"orange, ham and bell peppers"
347.594604,"corn on the cob, cheese pizza, olive oil and caesar salad"
380.320007,chicken and carrot
457.172119,"chicken, roasted potatoes and olive oil"
274.190002,"hash browns, sweet potato, egg whites and berries"
253.920013,nuts and bacon
485.26001,"almonds, bacon, potatoes and deprecated"
479.248993,"chicken, olives and parmesan cheese"
467.824677,pork and brown rice
245.280746,"olive oil, sausage, potatoes, pineapple and berries"
109.209991,"berries, orange and brussels sprouts"
101.240509,quinoa
88.229996,"olives, cauliflower and lemon"
320.963989,sausage and roasted potatoes
190.499496,"lentils, olive oil, chickpeas and green beans"
290.65802,"scrambled eggs, yam and berries"
461.585266,"cheese pizza, beef and chicken"
623.429932,"chicken breast, cheese pizza and tuna"
152.040009,scrambled eggs and egg whites
102.105309,"olive oil, broccoli and arugula"
189.850006,"sweet potato, bacon, pineapple and strawberries"
905.354492,"chicken, pork, pasta, pesto and olive oil"
71.586662,"tatsoi, turnips, kale, olive oil and pepper"
375.643982,"bacon, scrambled eggs, turkey bacon and berries"
251.519989,"scrambled eggs, apple and banana"
241.313019,"wild rice, olives and wheat berry"
406.68631,"egg whites, sweet potato, watermelon, olive oil and salsa"
210.282761,chicken and olive oil
562.269348,"salmon, olive oil, brown rice and pineapple"
99.169998,"shrimp, berries and cantaloupe"
206.872757,chicken and olive oil
659.906189,"cheese pizza, chicken, olive oil, chickpeas and caesar salad"
330.740997,pork and olive oil
345.657349,"fish, olive oil, wheat berry and white beans"
102.440002,egg whites and broccoli
250.165695,fried rice and olive oil
221.604736,"bacon, green beans and olive oil"
96.759995,apple and cantaloupe
228.690002,"sausage, tortilla and olives"
194.199005,"cheese pizza, tofu, pineapple and brussels sprouts"
117.089996,"scrambled eggs, orange and apple"
208.514832,"beef, roasted potatoes and cauliflower"
293.192169,"chicken, olive oil, fried rice, millet and quinoa"
84.722847,olive oil and arugula
498.769836,"quinoa, couscous, pork and cauliflower"
43.099998,cauliflower and onions
327.420563,"chicken, olive oil, millet and brussels sprouts"
379.915985,"chicken breast, tuna and bell peppers"
388.359711,pork and pepperoni pizza
396.63858,"pepperoni pizza, roasted potatoes and tofu"
594.2453,hash browns and granola
589.501648,"chicken, olive oil, fried rice, brussels sprouts and millet"
463.047455,"quinoa, pork and olive oil"
482.983063,"chicken thighs, wheat berry, olive oil and broccoli"
361.555603,pork and cheese pizza
100.882935,"vinaigrette, cauliflower, feta cheese and lettuce"
240.057129,"wheat berry, salmon, olive oil, chicken thighs and bok choy"
272.567291,beef and vinaigrette
155.820007,tortilla and carrot
30.4,bell peppers
555.92041,"salmon, avocado, beef and quinoa"
355.759705,"pork, olive oil, quinoa, goat cheese and cauliflower"
389.65799,tempeh
600.278931,"chicken, olives, vinaigrette and parmesan cheese"
107.599998,"noodles, cauliflower and bell peppers"
276.682983,corn on the cob and cheese pizza
298.034393,"salmon, olive oil, brown rice and tatsoi"
285.402008,"scrambled eggs, berries, turkey bacon and pineapple"
450.561432,"chicken thighs, olive oil and quinoa"
370.521423,cheese pizza and chicken thighs
89.879997,"fish, tomatoes and bell peppers"
413.170135,"pilaf, corn on the cob, pork and fish"
315.31366,"egg whites, sweet potato, cantaloupe, olive oil and broccoli"
886.946472,"salmon, beef, olive oil, pasta and brown rice"
317.779999,"scrambled eggs, bacon and raspberries"
306.862701,"chicken, bok choy and olive oil"
305.065247,"chicken thighs, salmon, olive oil, bok choy and cauliflower"
346.747437,pork and quinoa
132.300003,cottage cheese
906.761047,"chicken, cookies, olive oil and chickpeas"
550.51001,"hash browns, scrambled eggs and bacon"
409.570007,chilaquiles and bacon
194.405991,chicken
369.08429,"turkey bacon, egg whites and granola"
851.298767,"vegetable oil, chicken, bacon and flour"
39.480003,"broccoli, squash and zucchini"
454.936401,"salmon, wheat berry, olive oil and brown rice"
349.583069,"chicken, olive oil, brussels sprouts and millet"
88.662773,"fish, mushroom, olive oil and wheat berry"
144.255814,"olive oil, kale, parmesan cheese and spinach (raw)"
41.639214,"cherry tomatoes, eggplant, mushroom and olive oil"
246.864426,"fish, olive oil, cauliflower and lentils"
342.789398,cheese pizza and steak
395.729828,"quinoa, pork and cauliflower"
165.366608,"chia seeds, greek yogurt and milk"
464.892029,"chicken, olives, parmesan cheese and black beans"
350.384033,nuts and bread
508.916168,"sausage, scrambled eggs and olive oil"
431.126984,"pork, parsnips, sugar and rice noodles"
141.018997,cheese pizza and pineapple
86.411438,"olive oil, arugula and walnuts"
257.924927,"roasted potatoes, chicken, rice noodles and cauliflower"
227.056778,"chicken thighs, fish, olive oil and squash"
384.799225,beef and salmon
126.700005,avocado and cauliflower
212.704514,"salmon, olives, carrot, brown rice and cherry tomatoes"
163.858185,"berries, olive oil, yam, sweet potato and broccoli"
238.814514,"fish, olive oil, carrot, caesar salad and quinoa"
287.306,"fried rice, turkey bacon and egg whites"
368.341003,steak and tatsoi
73.51651,"strawberries, broccoli, carrot and cauliflower"
359.927979,"scrambled eggs, turkey bacon and roasted potatoes"
304.676147,sausage and olive oil
312.0,bagels and cream cheese
286.3815,"chicken, couscous, olive oil and fish"
420.928467,"scrambled eggs, olive oil and broccoli"
260.852997,"cheese pizza, corn on the cob and caesar salad"
327.986023,"fried rice, turkey bacon, egg whites and honeydew melons"
280.679993,"bacon, scrambled eggs, quinoa and potatoes"
303.477142,"ground turkey, corn on the cob, olive oil and fish"
617.449158,"beef, olive oil and white rice"
160.269501,"chicken apple sausage, egg whites, yam and sweet potato"
276.424072,"cheese pizza, caesar salad, chicken and brussels sprouts"
221.167068,"tofu, pork and sugar"
223.019989,"banana, berries and potatoes"
718.040039,chicken and olive oil
411.967804,"fish, pork, white rice, country rice and olive oil"
111.198997,yogurt and strawberries
227.182785,"olive oil, rice noodles and figs"
558.5578,"pepperoni pizza, chicken thighs, steak, roasted potatoes and caesar salad"
60.200001,"chicken, cherry tomatoes, baby carrots and celery"
571.39386,"chicken, corn on the cob and olive oil"
207.360931,chicken and olive oil
434.032013,"sausage, ham and olives"
300.7789,cheese pizza and caesar salad
322.726013,almonds and pears
161.850006,"bean(seed), orange and kiwi"
142.630005,chicken and oatmeal
387.841309,"cheese pizza, beef and caesar salad"
163.962006,pears and grapes
560.286011,almonds and corn on the cob
494.225647,"scrambled eggs, turkey bacon and berries"
111.459381,"broccoli, olive oil and brussels sprouts"
39.650002,kiwi
62.340004,"pineapple, watermelon and honeydew melons"
751.679993,"chicken, olive oil and artichokes"
211.919006,waffles
190.400009,"bacon, quinoa and potatoes"
428.202332,"bacon, chicken apple sausage and olive oil"
337.362854,"pizza, fish, olive oil and corn"
312.659607,"fish, olive oil and white beans"
136.217773,"corn on the cob, olive oil and bok choy"
748.140015,chicken and olive oil
345.654053,"chicken, olive oil, millet and brussels sprouts"
68.18,"cauliflower, carrot and cantaloupe"
295.850922,"cheese pizza, white rice, brussels sprouts and squash"
412.528015,"bagels, cream cheese and mozzarella cheese"
525.461365,"quinoa, pork, couscous, caesar salad and olives"
263.599976,egg whites and roasted potatoes
426.374634,"egg whites, scrambled eggs, sweet potato and olive oil"
70.825645,"olive oil, bulgur, chickpeas and kale"
356.831787,"steak, wheat berry and green beans"
442.97998,steak and chicken
92.5,beef
106.580215,"olive oil, green beans and mixed greens"
477.151001,"bacon, sausage and turkey bacon"
948.859009,"almonds, corn on the cob and apple"
555.303711,"scrambled eggs, fried rice, roasted potatoes, berries and pineapple"
56.870998,"asparagus, broccoli, squash and zucchini"
35.639999,shrimp
77.659996,olives and carrot
535.839905,"cheese pizza, pork, chicken breast, pineapple and squash"
550.981995,"sausage, roasted potatoes and scrambled eggs"
125.724831,"rice noodles, olive oil, mixed greens, cabbage and carrot"
142.838989,"corn on the cob, carrot, cantaloupe, cherry tomatoes and cauliflower"
169.100739,"fish, olive oil, green beans and wheat berry"
291.832458,"scrambled eggs, sweet potato, olive oil and brussels sprouts"
84.002373,"olive oil, cauliflower, caesar salad, arugula and walnuts"
91.330002,"chicken, tortilla and cauliflower"
319.892303,"ground turkey, quinoa, cauliflower, carrot and olive oil"
99.900002,"cantaloupe, carrot, cauliflower and cherry tomatoes"
197.252945,"salmon, honeydew melons, olive oil and brown rice"
125.589996,potato chips and tofu
284.133148,beef and millet
223.309998,"potato chips, oatmeal and berries"
219.809998,roasted potatoes and chicken
236.636597,"scrambled eggs, sweet potato and cantaloupe"
278.488983,"pepperoni pizza, olive oil and steak"
479.179993,"egg whites, yam, olive oil, berries and sweet potato"
130.130005,olives and mixed greens
241.320007,scrambled eggs and white rice
605.856323,"cheese pizza, beef, caesar salad, white rice and pineapple"
271.116394,"couscous, fish, olive oil, corn and bok choy"
566.233398,"salmon, pineapple, olive oil, carrot and brown rice"
334.619995,pepperoni pizza and bell peppers
312.665558,"roasted potatoes, pineapple, egg whites, berries and brussels sprouts"
307.862427,"chicken, cauliflower, olive oil, eggplant and squash"
156.240005,broccoli and sweet potato
39.370003,"brussels sprouts, cherry tomatoes, bell peppers, carrot and cucumbers"
437.071686,"fish, olive oil and country rice"
319.428375,"scrambled eggs, sweet potato, brussels sprouts, strawberries and olive oil"
382.936646,"pork, caesar salad and mayonnaise"
136.532196,"chicken breast, white rice, olive oil and squash"
182.538498,"cheese pizza, carrot and broccoli"
422.28891,"pork, chicken breast, quinoa and pineapple"
227.330719,"chicken apple sausage, berries, egg whites, grapes and broccoli"
132.009995,"olives, tofu and orange"
354.982239,"cheese pizza, chicken, beef, roasted potatoes and squash"
485.90564,"hash browns, egg whites, grapes, yam and pineapple"
122.604004,"corn on the cob, cantaloupe and garden salad"
42.371025,"olive oil, almonds and arugula"
322.835297,"bacon, potatoes, berries and olive oil"
671.106934,"pork, caesar salad and mayonnaise"
402.746216,pizza and olive oil
607.200073,"scrambled eggs, turkey bacon and chicken apple sausage"
64.066612,"olive oil, cauliflower, arugula and pecans"
171.316879,"olive oil, scrambled eggs, pineapple, watermelon and honeydew melons"
334.049988,"cheese pizza, caesar salad and pineapple"
103.386002,"corn on the cob, cauliflower and cantaloupe"
194.5,"nuts, kiwi and orange"
244.343323,"salmon, pineapple, honeydew melons, cauliflower and brown rice"
163.069992,"corn on the cob, carrot, cantaloupe and cherry tomatoes"
32.98,tomatoes
419.493378,"scrambled eggs, pineapple, bacon, chia seeds and greek yogurt"
47.213894,"kale, parmesan cheese, squash, olive oil and caesar dressing"
366.863678,"chicken thighs, quinoa and green beans"
950.395081,beef and pasta
217.028381,pepperoni pizza and olive oil
381.528015,almonds and grapes
185.437851,"olive oil, cauliflower, squash, arugula and walnuts"
398.220001,"scrambled eggs, bacon and pineapple"
321.529999,bacon and egg whites
187.296005,sausage and broccoli
343.350006,scrambled eggs and broccoli
85.339996,"olives, onions, bell peppers and cherry tomatoes"
462.847504,"chicken thighs, fish, olive oil and quinoa"
635.19043,"bacon, steak, fish and olive oil"
440.321442,"pork, brussels sprouts and mayonnaise"
604.616028,almonds and apple
180.87999,roasted potatoes and olives
308.59436,"pork, broccoli and white rice"
519.50116,"salmon, wheat berry, olive oil and brown rice"
408.339417,"pork, corn on the cob, olive oil, sugar and bok choy"
1158.98999,"chicken, olive oil and avocado"
247.288361,"fried rice, rice noodles and olive oil"
176.878998,"apple, carrot, cauliflower, corn on the cob and cherry tomatoes"
497.915833,"egg whites, sweet potato, berries, salsa and pineapple"
603.827271,"hash browns, scrambled eggs, bacon and brussels sprouts"
326.338562,chicken thighs
193.61171,"cheese pizza, caesar salad, fish and olive oil"
438.122009,"sausage, roasted potatoes, berries, egg whites and pineapple"
276.665314,"bacon, potatoes and olive oil"
293.899658,"cheese pizza, chicken and beef"
117.113998,"banana, bean(seed) and asparagus"
285.830017,"chicken, avocado and broccoli"
402.50766,"chicken, olive oil, carrot, walnuts and blue cheese"
352.39502,"eggs, bagels, cream cheese and strawberries"
655.986816,"chicken, olive oil and olives"
484.618347,"pork, quinoa, olive oil and cauliflower"
610.365173,sausage and hash browns
256.946411,"couscous, fish, olive oil and corn"
402.750031,nuts and banana
418.819977,"chicken, cheese and avocado"
282.029999,chicken
61.950001,carrot and cauliflower
529.879639,"pizza, fish, olive oil and white beans"
121.074005,parmesan cheese and broccoli
234.606445,"cheese pizza, roasted potatoes, tofu and olive oil"
64.860001,grapes
230.139999,"cheese, banana and cantaloupe"
755.496277,"chicken, roasted potatoes, fish and olive oil"
551.546021,"hash browns, scrambled eggs and garden salad"
44.034069,"cauliflower, squash, cherry tomatoes and olive oil"
245.733765,"scrambled eggs, brussels sprouts and strawberries"
88.552399,"olive oil, mushroom, almonds and spinach (raw)"
561.417053,"chicken, roasted potatoes, olive oil and carrot"
116.449997,sandwiches
767.739746,"ground turkey, corn on the cob, cheese pizza, olive oil and chickpeas"
240.425751,"salmon, brown rice, olive oil and green beans"
75.42041,olive oil and strawberries
196.879501,"olive oil, roasted potatoes, broccoli and squash"
151.470001,"potato chips, corn and kiwi"
238.25,"corn on the cob, apple, carrot and grapes"
243.584183,"cheese pizza, caesar salad and chicken"
352.946991,"olive oil, tofu and chickpeas"
209.189362,"quinoa, vinaigrette, cauliflower, watermelon and olive oil"
83.052505,"olive oil, spinach (raw), kale and parmesan cheese"
421.465118,pizza and fish
33.990002,strawberries
292.003998,"sausage, potatoes and orange"
30.139999,mushroom and cucumbers
359.192993,almonds and mandarin oranges
451.428009,grilled chicken
436.965942,pizza and fish
295.284393,quinoa and olive oil
674.706787,"pork, olive oil, sugar and olives"
193.649994,"olives, broccoli and mixed greens"
376.24295,pork and olive oil
53.598557,"olive oil, arugula, mangos, mustard greens and tomatoes"
70.650002,"olives, tofu and carrot"
210.357925,"ground turkey, cauliflower, carrot and olive oil"
1049.11731,"hash browns, sausage and granola"
72.552467,"vinaigrette, cantaloupe, feta cheese and lettuce"
193.709991,"pineapple, egg whites and berries"
465.636475,"pilaf, olive oil, pizza, corn on the cob and bulgur"
587.709961,chicken
96.389999,chicken apple sausage and blackberries
142.099991,"bacon, corn and lemon"
31.710001,strawberries and broccoli
641.700317,steak and chicken
40.750244,olive oil and bok choy
400.202118,"salmon, wheat berry, olive oil, brown rice and kale"
133.880005,"avocado, mixed greens and onions"
211.138992,cheese pizza and ground turkey
280.118103,"salmon, olive oil, honeydew melons and brown rice"
224.931168,"chicken, roasted potatoes, white rice and olive oil"
299.297974,scrambled eggs and turkey bacon
136.839996,scrambled eggs and tomatoes
158.990005,"bacon, berries and watermelon"
177.492004,"yam, bacon and berries"
442.549774,"cheese pizza, olive oil, pasta and broccoli"
230.001999,"almonds, apple and grapes"
245.62001,nuts and bell peppers
160.079987,"apple, berries and orange"
160.119995,"potatoes, potato chips and berries"
319.539948,"cheese pizza, chicken, caesar salad and pineapple"
671.67804,"almonds, sausage, deprecated and grapes"
91.239998,sweet potato and egg whites
289.309998,"tuna, olives, carrot and onions"
138.498901,"olive oil, fish, corn and chard"
207.320007,"oatmeal, potatoes and bacon"
289.203369,"pilaf, corn on the cob and fish"
886.523071,almonds and apple
75.970001,"tortilla, brussels sprouts and bell peppers"
325.539917,cheese pizza and beef
161.75,sandwiches and watermelon
332.063477,"chicken, couscous, olive oil and broccoli"
330.034393,"salmon, olive oil, pineapple and brown rice"
362.734009,scrambled eggs and sausage
413.493988,"scrambled eggs, chicken apple sausage and yam"
129.064499,yam and sweet potato
191.75,"ham, chicken and pineapple"
347.536987,"salmon, chicken, kale, olive oil and chard"
248.535843,"sweet potato, berries, pineapple, cantaloupe and olive oil"
657.545837,"scrambled eggs, chicken apple sausage and olive oil"
354.773834,"cheese pizza, caesar salad and quinoa"
298.019379,pizza and olive oil
139.410004,"chicken, shrimp and corn"
94.562546,"bacon, yam, olive oil and sweet potato"
76.599998,"bean(seed), corn and brussels sprouts"
353.062378,"cheese pizza, fried rice, caesar salad and olive oil"
339.756073,"bagels, sweet potato, egg whites, cream cheese and olive oil"
591.07843,"wild rice, salmon, chicken, tomatoes and olive oil"
117.787598,"olive oil, broccoli and spinach (raw)"
99.374557,"olive oil, strawberries and broccoli"
89.652504,"olive oil, spinach (raw), mushroom, kale and parmesan cheese"
540.587341,"salmon, olive oil and brown rice"
577.176025,sausage and hash browns
207.569,fried rice and egg whites
547.072998,"almonds, apple and cantaloupe"
557.521606,"beef, olive oil and millet"
55.630001,"cantaloupe, brussels sprouts and asparagus"
201.37999,"banana, cantaloupe and berries"
357.043518,"scrambled eggs, chicken apple sausage, yam, sweet potato and blackberries"
495.119995,"scrambled eggs, bacon, honeydew melons, watermelon and pineapple"
186.683746,"olive oil, bulgur, kale and parmesan cheese"
787.776489,"chicken thighs, cheese and tortilla"
180.821609,"olive oil, berries and honeydew melons"
340.073578,"beef, carrot and white rice"
493.589081,waffles and syrup
365.184875,"chicken, roasted potatoes, olive oil and cauliflower"
665.332642,"scrambled eggs, sausage and brussels sprouts"
220.535858,"sweet potato, berries, cantaloupe, olive oil and watermelon"
45.899998,fish
541.730286,"beef, quinoa, vinaigrette and cauliflower"
178.278091,"chicken, olive oil, olives, kale and parmesan cheese"
654.721252,"beef, chicken, olive oil, pineapple and cauliflower"
416.869659,"pork, pepperoni pizza and olives"
399.804565,"cheese pizza, olive oil and olives"
127.879997,bacon and pineapple
306.264984,"chicken, couscous and olive oil"
496.800018,scrambled eggs and turkey bacon
249.519989,"scrambled eggs, sweet potato, strawberries and broccoli"
118.062546,"bacon, yam, pineapple, olive oil and sweet potato"
199.845322,pepperoni pizza and steak
360.679474,"chicken, wild rice, olive oil and honeydew melons"
538.466736,"cheese pizza, salmon, beef, olive oil and pasta"
96.138458,"broccoli, olive oil, arugula, mangos and mustard greens"
177.953003,"corn on the cob, apple and carrot"
284.444855,"chicken, beef, roasted potatoes, eggplant and cauliflower"
339.731995,roasted potatoes and turkey bacon
304.052368,steak and millet
316.827545,"salmon, mayonnaise, pineapple, olive oil and broccoli"
237.410004,"yam, potatoes, cantaloupe and deprecated"
181.351425,waffles and olive oil
754.353577,beef and millet
230.485992,chicken and caesar salad
121.720001,"olives, bell peppers, carrot and cherry tomatoes"
158.410004,"bacon, tofu and lemon"
86.534439,"olive oil, carrot, broccoli, arugula and pecans"
244.298019,nuts and lemon
309.235992,"eggs, yam and berries"
619.901978,"chicken, parmesan cheese, olives, avocado and caesar salad"
437.124115,"cheese pizza, beef and quinoa"
542.326721,"steak, olive oil and corn on the cob"
174.977127,"cottage cheese, sweet potato, egg whites and brussels sprouts"
419.31073,chilaquiles and sweet potato
38.0896,"olive oil, green beans and mixed greens"
132.599991,tuna
529.144897,"cheese pizza, beef and olive oil"
82.832451,olive oil and arugula
263.830017,"berries, roasted potatoes, pineapple and watermelon"
485.038239,"cheese pizza, tofu and olive oil"
72.94017,"olive oil, pineapple, arugula and walnuts"
135.399673,"fish, olive oil, corn and sour cream"
326.76474,cheese pizza and quinoa
325.068085,"pepperoni pizza, chicken breast, pork and broccoli"
38.880001,honeydew melons
515.545227,"cheese pizza, beef, chicken and caesar salad"
333.769989,"bacon, berries and quinoa"
219.75,"potato chips, banana and berries"
178.904007,sausage
563.555054,"chicken, feta cheese and olives"
697.289185,salmon and brown rice
348.898071,"pork, olive oil, pilaf and bulgur"
421.936707,"chicken, vinaigrette, eggplant and olive oil"
456.444794,hash browns and olive oil
121.479324,"wheat berry, olive oil and bok choy"
175.660004,"scrambled eggs, pineapple and cantaloupe"
543.713135,"waffles, sausage, tofu, sweet potato and egg whites"
71.139999,"avocado, mixed greens, onions and mushroom"
343.687988,"chicken breast, brown rice and broccoli"
156.179001,"apple, carrot, corn on the cob and cauliflower"
257.119995,chicken and cheese
362.168335,"chia seeds, sweet potato, egg whites, grapes and greek yogurt"
597.531189,"pork, white rice, croutons and olive oil"
663.939575,"chicken, olive oil and brown rice"
308.89444,"chicken, pizza and broccoli"
186.959702,"salmon, olive oil, carrot and brown rice"
113.280006,honeydew melons and watermelon
500.918823,"fish, olive oil, lentils, steak and white rice"
646.588074,"chicken thighs, cheese and tortilla"
108.100006,"tortilla, lemon and cauliflower"
67.759995,potatoes
364.416199,"white rice, caesar salad, chicken thighs, olive oil and pineapple"
41.18898,"olive oil, mushroom, arugula and walnuts"
101.457962,"olive oil, figs and spinach (raw)"
453.931671,"steak, olive oil and broccoli"
245.132004,pilaf and corn on the cob
129.225006,"roasted potatoes, chayote squash and zucchini"
408.472565,"chicken, pineapple, olive oil, cauliflower and eggplant"
296.617004,almonds and orange
69.159996,egg whites
463.290619,"scrambled eggs, bacon, broccoli and granola"
72.870728,"berries, broccoli and olive oil"
61.089886,olive oil and spinach (raw)
329.380035,"beef, mushroom and millet"
153.990005,"potato chips, pineapple and kiwi"
512.140015,hash browns and scrambled eggs
250.187943,"white rice, chicken thighs, caesar salad, olive oil and brussels sprouts"
211.589996,"corn on the cob, apple and cherry tomatoes"
109.319298,"vinaigrette, broccoli, cantaloupe, olive oil and feta cheese"
450.224976,"beef, salmon and olive oil"
531.260986,"olive oil, avocado, chicken and mixed greens"
387.084412,"cheese pizza, beef, roasted potatoes and caesar salad"
268.319641,"couscous, fish, olive oil and corn"
81.660004,honeydew melons and grapes
273.339996,"cheese, scrambled eggs and pineapple"
315.591034,"olive oil, figs, arugula and squash"
214.849991,"chicken, olives and cauliflower"
487.712494,"scrambled eggs, sausage and granola"
222.278015,sausage and chilaquiles
359.160004,"chicken, bell peppers, onions and carrot"
259.479187,chicken and roasted potatoes
257.812988,cookies and cheese pizza
56.354836,"granola, honeydew melons, vinaigrette and mixed greens"
259.869873,"roasted potatoes, olive oil, green beans and eggplant"
212.347305,"olive oil, corn on the cob, green beans and mixed greens"
72.779999,"corn, kiwi and orange"
36.970001,"brussels sprouts, cherry tomatoes, bell peppers and carrot"
158.518127,"pizza, corn on the cob and eggplant"
337.27002,"scrambled eggs, yam, olive oil, sweet potato and egg whites"
254.215988,cheese pizza
403.636139,"pork, roasted potatoes, olive oil and fish"
33.950001,broccoli
792.218384,"sausage, scrambled eggs, olive oil and bacon"
532.706482,"cheese pizza, chicken and caesar salad"
333.281311,"cheese pizza, beef and squash"
503.782013,"sausage, egg whites and broccoli"
340.027893,"salmon, olive oil, broccoli and brown rice"
298.022003,cheese pizza
941.609985,pizza and chicken
694.123352,"scrambled eggs, bacon, sausage, pineapple and sweet potato"
290.397949,"fish, caesar salad, country rice, olive oil and eggplant"
203.657364,"cheese pizza, olive oil, cauliflower and caesar salad"
294.22171,"egg whites, sweet potato, berries, watermelon and olive oil"
275.399994,"oatmeal, raspberries, brown sugar and blackberries"
417.876007,"sausage, white rice and kiwi"
266.720245,"roasted potatoes, broccoli, olive oil and chayote squash"
558.942383,"pizza, roasted potatoes and olive oil"
515.820007,"hash browns, scrambled eggs, bacon and pineapple"
374.936005,"almonds, grapes and deprecated"
100.5,"oatmeal, pineapple and cantaloupe"
350.163513,"berries, broccoli, sweet potato and granola"
132.919037,"corn on the cob, olive oil, spinach (raw) and sun dried tomatoes"
141.67276,"olive oil, pineapple, berries, spinach (raw) and almonds"
268.069977,chicken and spinach (raw)
155.805481,"roasted potatoes, carrot and eggplant"
265.622253,"chia seeds, sweet potato, egg whites, greek yogurt and milk"
479.034454,"chicken, roasted potatoes and olive oil"
332.892792,cheese pizza and olive oil
256.22879,"chicken, olive oil and broccoli"
608.703918,"steak, olive oil and carrot"
47.093922,"olive oil, bulgur and mustard greens"
184.383316,"olive oil, tofu, honeydew melons, fish and mushroom"
72.32,greek salad
723.409973,"pork, pizza and olive oil"
319.280365,"pork, wheat berry, carrot, olive oil and sugar"
465.224457,"pork, white rice, fish and olive oil"
39.5,pineapple
386.59552,"egg whites, sweet potato, grapes, olive oil and carrot"
297.765015,"white rice, chicken thighs, olive oil, vinaigrette and broccoli"
171.559998,"olives, spinach (raw) and cucumbers"
354.26004,grilled chicken and olives
32.200001,mixed greens
433.285004,"almonds, apple, corn on the cob and cauliflower"
284.174988,bacon and turkey bacon
66.18,caesar salad and tomatoes
413.946655,"fish, pork, white rice, country rice and olive oil"
194.015839,"sweet potato, berries, olive oil and watermelon"
583.376404,pork and fried rice
332.749847,"pizza, olive oil and squash"
257.436005,"grapes, apple, corn on the cob and cherry tomatoes"
87.869995,"caesar salad, tomatoes, olives and brown rice"
205.438995,"yam, eggs, bacon and berries"
116.949997,"grapes, pineapple and watermelon"
77.907997,"olives, ham and asparagus"
313.625977,"almonds, potatoes and mandarin oranges"
235.208008,"chicken breast, broccoli and squash"
271.044617,chilaquiles and yam
377.820007,"pepperoni pizza, cherry tomatoes and bell peppers"
980.047974,"bacon, sausage and scrambled eggs"
421.286011,sausage
346.713684,chicken thighs and quinoa
100.893005,"olives, wheat berry and olive oil"
125.161995,berries and turkey bacon
573.546021,"chicken, parmesan cheese, olives, bell peppers and caesar dressing"
104.639999,tortilla
168.430008,"pears, mandarin oranges and strawberries"
386.477264,"fish, roasted potatoes, olive oil and quinoa"
164.234955,"olive oil, cauliflower, squash, mixed greens and millet"
527.548767,"pizza, chicken, olive oil and broccoli"
336.492828,"scrambled eggs, sweet potato, watermelon, brussels sprouts and olive oil"
237.399994,"oatmeal, raspberries and blackberries"
1238.033691,"salmon, brownies, beef, olive oil and pasta"
740.762024,"pizza, chicken, tofu and olive oil"
218.769501,"pineapple, chicken apple sausage, egg whites, yam and sweet potato"
454.517365,"pork, corn on the cob, olive oil and sugar"
271.320007,wheat bread and banana with peel
320.325012,"chicken, avocado, broccoli and squash"
480.946136,"egg whites, yam, olive oil and sweet potato"
103.649994,"bacon, bell peppers and cucumbers"
135.913651,"sweet potato, cantaloupe, olive oil and broccoli"
380.321686,"salmon, chicken thighs, cheese, tortilla and olive oil"
98.220001,"shrimp, brussels sprouts and lemon"
42.400002,cherry tomatoes and cantaloupe
401.797852,"bacon, egg whites and olive oil"
239.389984,"cheese, banana and orange"
566.146057,"steak, chicken thighs and broccoli"
509.321014,"bacon, scrambled eggs and yam"
468.165009,biscuits and bacon
252.588776,"pizza, caesar salad, rice noodles and olive oil"
222.759506,"yam, berries, sweet potato and bacon"
374.793854,"steak, fish, olive oil, ketchup and white rice"
203.570007,"scrambled eggs, bacon and broccoli"
606.91156,"corn on the cob, pork, cheese pizza and caesar salad"
143.059998,"scrambled eggs, oatmeal and tomatoes"
648.975952,pizza and pork
206.660004,"white rice, apple and broccoli"
375.227997,"chicken breast, watermelon and cauliflower"
381.110779,"fish, wheat berry, olive oil, carrot and white beans"
256.359406,"white rice, salmon, beef and pasta"
213.366608,"chia seeds, pineapple, greek yogurt and milk"
430.265656,"hash browns, grapes, yam, pineapple and olive oil"
757.957092,"salmon, brown rice and olive oil"
281.281128,ground turkey and cheese pizza
177.188782,"sweet potato, olive oil and watermelon"
468.412384,"cheese pizza, salmon, beef, pasta and tofu"
322.90625,"pizza, fish and olive oil"
1264.54834,"salmon, chicken thighs, cheese, tortilla and olive oil"
228.050003,"bacon, potatoes and deprecated"
600.798035,"vegetable oil, chicken, roasted potatoes, brussels sprouts and flour"
385.007996,pepperoni
209.934982,cheese pizza and caesar salad
165.189987,"apple, fish and carrot"
75.243256,"olive oil, pecans, raisins, arugula and orange"
446.326233,"pepperoni pizza, roasted potatoes, tofu and rice noodles"
45.482903,"olive oil, arugula, asparagus, mangos and mustard greens"
268.661774,beef and cheese pizza
901.810059,pizza and chicken
364.529053,pizza and kale
183.252747,"olive oil, potatoes, pineapple, berries and spinach (raw)"
780.202026,beef and salmon
176.535965,steak and white rice
706.358948,"chicken, olives, vinaigrette, parmesan cheese and olive oil"
274.131439,"chicken, roasted potatoes, carrot and olive oil"
323.553284,"pizza, cheese pizza and olive oil"
426.360016,tuna salad
242.363983,"olive oil, fish, figs, corn and arugula"
71.93322,"olive oil, asparagus, eggplant, arugula and walnuts"
289.794373,"cheese pizza, beef, caesar salad and vinaigrette"
293.605499,"chicken, olive oil and corn on the cob"
739.663696,"sausage, scrambled eggs and granola"
1234.856323,"chicken, olive oil, beef and tofu"
157.001038,"olive oil, cauliflower and mixed greens"
86.534729,"olive oil, cauliflower, squash, cherry tomatoes and mixed greens"
395.97998,"chicken, olives and black beans"
384.044525,"roasted potatoes, fish, olive oil, carrot and caesar salad"
656.429932,"chicken breast, cheese pizza, tuna and pineapple"
91.140381,"olive oil, figs and pumpkin seeds"
340.958527,"bacon, sweet potato, chicken apple sausage and olive oil"
498.765594,"pork, parsnips, olive oil, sugar and rice noodles"
339.543488,"scrambled eggs, chicken apple sausage, yam, sweet potato and blackberries"
337.888184,"cheese pizza, fried rice, caesar salad and olive oil"
91.68,"sweet potato, berries and watermelon"
414.733154,pizza and fish
638.187561,"pork, olive oil and chickpeas"
88.592773,"olive oil, spinach (raw) and almonds"
549.203613,"chicken, olive oil and brown rice"
569.511536,"corn on the cob, pork and cheese pizza"
48.309685,"olive oil, spinach (raw) and blueberries"
96.150002,"tofu, cauliflower and cucumbers"
382.924225,"cheese pizza, roasted potatoes and caesar salad"
379.652008,"cheese pizza, tofu and cauliflower"
342.701141,"steak, caesar salad, olive oil and brown rice"
523.634644,"egg whites, scrambled eggs, sweet potato, grapes and watermelon"
380.394043,"cheese pizza, chicken breast, pineapple, squash and quinoa"
147.100006,"chicken, kiwi and broccoli"
389.459991,chicken and avocado
55.965,"kale, chayote squash, zucchini and chard"
549.52301,"almonds, pears, grapes and mandarin oranges"
200.12999,"bacon, potatoes and cantaloupe"
395.598572,pepperoni pizza and chicken breast
392.292175,"wild rice, olive oil, olives, figs and wheat berry"
291.174988,"almonds, potatoes and white rice"
51.993542,"granola, vinaigrette and mixed greens"
386.66684,"country rice, couscous, fish and olive oil"
361.413239,"cheese pizza, chicken thighs, olive oil and carrot"
307.429993,chicken and black beans
352.224365,"steak, olive oil, broccoli and brown rice"
549.755615,"cheese pizza, beef, chicken, caesar salad and brussels sprouts"
470.011047,"pork, caesar salad, sugar and carrot"
126.172005,pears and broccoli
376.620392,"steak, caesar salad, olive oil, carrot and brown rice"
623.204285,chicken and olive oil
218.158203,"chicken, fried rice, olive oil, millet and green beans"
60.310001,"berries, pineapple and orange"
292.229004,"bagels, cream cheese, bacon, yam and berries"
125.660004,"honeydew melons, caesar salad and grapes"
264.620026,"nuts, broccoli and tomatoes"
187.42543,"cheese pizza, kale and parmesan cheese"
415.946747,"eggs, bacon and olive oil"
180.279999,"bread, tomatoes and bell peppers"
490.393372,tuna salad and carrot
223.801331,"pork, white rice, olive oil and caesar salad"
202.639999,bread and potatoes
58.599998,olives and onions
249.819977,pepperoni pizza and caesar salad
492.281372,"quinoa, pork, couscous and caesar salad"
122.001411,"fish, olive oil, brussels sprouts and wheat berry"
326.621704,"scrambled eggs, berries and pineapple"
434.914429,"quinoa, brown rice and olive oil"
457.265839,"pork, olive oil and pineapple"
1030.160645,"brownies, cheese pizza, chicken breast and olive oil"
406.998535,"bacon, sweet potato, egg whites, chicken apple sausage and olive oil"
61.740002,"potatoes, strawberries and broccoli"
98.391266,"quinoa, brown rice and olive oil"
331.481995,"steak, roasted potatoes and olive oil"
128.269989,olives and corn
145.30899,cheese pizza and pineapple
246.868225,"chicken, carrot and olive oil"
74.919998,"bell peppers, onions and cherry tomatoes"
381.527283,"fish, roasted potatoes, olive oil and quinoa"
288.570007,"scrambled eggs, yam, olive oil, sweet potato and egg whites"
67.07,"tofu, tomatoes and cucumbers"
317.286011,cheese and bread
298.119385,"egg whites, sweet potato, sausage, salsa and cantaloupe"
342.875641,"olive oil, fish, pizza and wheat berry"
